2137.0|1|1|213|7|0|0|1|100|10|0|14|235|100|4|2|1|3|2|8|1|1
2157.0|1|1|215|7|0|0|1|50|10|0|14|235|100|4|1|1|3|1|255|1|1
2157.0|2|2|215|7|0|0|1|150|10|0|14|235|100|4|3|1|3|1|11|1|1
2169.0|2|2|216|9|0|0|1|50|10|0|14|235|100|4|1|1|3|9|255|1|1
2237.0|1|1|223|7|0|0|1|100|10|0|14|235|100|4|2|1|3|2|8|1|1
2257.0|1|1|225|7|0|0|1|50|10|0|14|235|100|4|1|1|3|1|255|1|1
2257.0|2|2|225|7|0|0|1|150|10|0|14|235|100|4|3|1|3|1|11|1|1
2269.0|2|2|226|9|0|0|1|50|10|0|14|235|100|4|1|1|3|9|255|1|1
2337.0|1|1|233|7|0|0|1|100|10|0|14|235|100|4|2|1|3|2|8|1|1
2357.0|1|1|235|7|0|0|1|50|10|0|14|235|100|4|1|1|3|1|255|1|1
2357.0|2|2|235|7|0|0|1|150|10|0|14|235|100|4|3|1|3|1|11|1|1
2369.0|2|2|236|9|0|0|1|50|10|0|14|235|100|4|1|1|3|9|255|1|1
2437.0|1|1|243|7|0|0|1|100|10|0|14|235|100|4|2|1|3|2|8|1|1
2457.0|1|1|245|7|0|0|1|50|10|0|14|235|100|4|1|1|3|1|255|1|1
2457.0|2|2|245|7|0|0|1|150|10|0|14|235|100|4|3|1|3|1|11|1|1
2469.0|2|2|246|9|0|0|1|50|10|0|14|235|100|4|1|1|3|9|255|1|1
2537.0|1|1|253|7|0|0|1|100|10|0|14|235|100|4|2|1|3|2|8|1|1
2557.0|1|1|255|7|0|0|1|50|10|0|14|235|100|4|1|1|3|1|255|1|1
2557.0|2|2|255|7|0|0|1|150|10|0|14|235|100|4|3|1|3|1|11|1|1
2569.0|2|2|256|9|0|0|1|50|10|0|14|235|100|4|1|1|3|9|255|1|1
2637.0|1|1|263|7|0|0|1|100|10|0|14|235|100|4|2|1|3|2|8|1|1
2657.0|1|1|265|7|0|0|1|50|10|0|14|235|100|4|1|1|3|1|255|1|1
2657.0|2|2|265|7|0|0|1|150|10|0|14|235|100|4|3|1|3|1|11|1|1
2669.0|2|2|266|9|0|0|1|50|10|0|14|235|100|4|1|1|3|9|255|1|1
2737.0|1|1|273|7|0|0|1|100|10|0|14|235|100|4|2|1|3|2|8|1|1
2757.0|1|1|275|7|0|0|1|50|10|0|14|235|100|4|1|1|3|1|255|1|1
2757.0|2|2|275|7|0|0|1|150|10|0|14|235|100|4|3|1|3|1|11|1|1
2769.0|2|2|276|9|0|0|1|50|10|0|14|235|100|4|1|1|3|9|255|1|1
2837.0|1|1|283|7|0|0|1|100|10|0|14|235|100|4|2|1|3|2|8|1|1
2857.0|1|1|285|7|0|0|1|50|10|0|14|235|100|4|1|1|3|1|255|1|1
2857.0|2|2|285|7|0|0|1|150|10|0|14|235|100|4|3|1|3|1|11|1|1
2869.0|2|2|286|9|0|0|1|50|10|0|14|235|100|4|1|1|3|9|255|1|1
2937.0|1|1|293|7|0|0|1|100|10|0|14|235|100|4|2|1|3|2|8|1|1
2957.0|1|1|295|7|0|0|1|50|10|0|14|235|100|4|1|1|3|1|255|1|1
2957.0|2|2|295|7|0|0|1|150|10|0|14|235|100|4|3|1|3|1|11|1|1
2969.0|2|2|296|9|0|0|1|50|10|0|14|235|100|4|1|1|3|9|255|1|1
3037.0|1|1|303|7|0|0|1|100|10|0|14|235|100|4|2|1|3|2|8|1|1
3057.0|1|1|305|7|0|0|1|50|10|0|14|235|100|4|1|1|3|1|255|1|1
3057.0|2|2|305|7|0|0|1|150|10|0|14|235|100|4|3|1|3|1|11|1|1
3069.0|2|2|306|9|0|0|1|50|10|0|14|235|100|4|1|1|3|9|255|1|1
3137.0|1|1|313|7|0|0|1|100|10|0|14|235|100|4|2|1|3|2|8|1|1
3157.0|1|1|315|7|0|0|1|50|10|0|14|235|100|4|1|1|3|1|255|1|1
3157.0|2|2|315|7|0|0|1|150|10|0|14|235|100|4|3|1|3|1|11|1|1
3169.0|2|2|316|9|0|0|1|50|10|0|14|235|100|4|1|1|3|9|255|1|1
3239.0|1|1|323|9|0|0|1|100|10|0|14|235|100|4|2|1|3|5|6|1|1
3247.0|1|1|324|7|0|0|1|0|10|0|14|235|100|4|0|1|3|10|255|1|1
3249.0|2|2|324|9|0|0|1|0|10|0|14|235|100|4|0|1|3|9|18|1|1
3278.0|2|2|327|8|0|0|1|0|10|0|14|235|100|4|0|1|3|1|255|1|1
3339.0|1|1|333|9|0|0|1|100|10|0|14|235|100|4|2|1|3|5|6|1|1
3347.0|1|1|334|7|0|0|1|0|10|0|14|235|100|4|0|1|3|10|255|1|1
3349.0|2|2|334|9|0|0|1|0|10|0|14|235|100|4|0|1|3|9|18|1|1
3378.0|2|2|337|8|0|0|1|0|10|0|14|235|100|4|0|1|3|1|255|1|1
3439.0|1|1|343|9|0|0|1|100|10|0|14|235|100|4|2|1|3|5|6|1|1
3447.0|1|1|344|7|0|0|1|0|10|0|14|235|100|4|0|1|3|10|255|1|1
3449.0|2|2|344|9|0|0|1|0|10|0|14|235|100|4|0|1|3|9|18|1|1
3478.0|2|2|347|8|0|0|1|0|10|0|14|235|100|4|0|1|3|1|255|1|1
3539.0|1|1|353|9|0|0|1|100|10|0|14|235|100|4|2|1|3|5|6|1|1
3547.0|1|1|354|7|0|0|1|0|10|0|14|235|100|4|0|1|3|10|255|1|1
3549.0|2|2|354|9|0|0|1|0|10|0|14|235|100|4|0|1|3|9|18|1|1
3578.0|2|2|357|8|0|0|1|0|10|0|14|235|100|4|0|1|3|1|255|1|1
3639.0|1|1|363|9|0|0|1|100|10|0|14|235|100|4|2|1|3|5|6|1|1
3647.0|1|1|364|7|0|0|1|0|10|0|14|235|100|4|0|1|3|10|255|1|1
3649.0|2|2|364|9|0|0|1|0|10|0|14|235|100|4|0|1|3|9|18|1|1
3678.0|2|2|367|8|0|0|1|0|10|0|14|235|100|4|0|1|3|1|255|1|1
3739.0|1|1|373|9|0|0|1|100|10|0|14|235|100|4|2|1|3|5|6|1|1
3747.0|1|1|374|7|0|0|1|0|10|0|14|235|100|4|0|1|3|10|255|1|1
3749.0|2|2|374|9|0|0|1|0|10|0|14|235|100|4|0|1|3|9|18|1|1
3778.0|2|2|377|8|0|0|1|0|10|0|14|235|100|4|0|1|3|1|255|1|1
3839.0|1|1|383|9|0|0|1|100|10|0|14|235|100|4|2|1|3|5|6|1|1
3847.0|1|1|384|7|0|0|1|0|10|0|14|235|100|4|0|1|3|10|255|1|1
3849.0|2|2|384|9|0|0|1|0|10|0|14|235|100|4|0|1|3|9|18|1|1
3878.0|2|2|387|8|0|0|1|0|10|0|14|235|100|4|0|1|3|1|255|1|1
3939.0|1|1|393|9|0|0|1|100|10|0|14|235|100|4|2|1|3|5|6|1|1
3947.0|1|1|394|7|0|0|1|0|10|0|14|235|100|4|0|1|3|10|255|1|1
3949.0|2|2|394|9|0|0|1|0|10|0|14|235|100|4|0|1|3|9|18|1|1
3978.0|2|2|397|8|0|0|1|0|10|0|14|235|100|4|0|1|3|1|255|1|1
4039.0|1|1|403|9|0|0|1|100|10|0|14|235|100|4|2|1|3|5|6|1|1
4047.0|1|1|404|7|0|0|1|0|10|0|14|235|100|4|0|1|3|10|255|1|1
4049.0|2|2|404|9|0|0|1|0|10|0|14|235|100|4|0|1|3|9|18|1|1
4078.0|2|2|407|8|0|0|1|0|10|0|14|235|100|4|0|1|3|1|255|1|1
4137.0|1|1|413|7|0|0|1|150|10|0|14|235|100|4|3|1|3|2|9|1|1
4149.0|2|2|414|9|0|0|1|0|10|0|14|235|100|4|0|1|3|10|15|1|1
4158.0|1|1|415|8|0|0|1|100|10|0|14|235|100|4|2|1|3|1|255|1|1
4168.0|2|2|416|8|0|0|1|50|10|0|14|235|100|4|1|1|3|10|255|1|1
4237.0|1|1|423|7|0|0|1|150|10|0|14|235|100|4|3|1|3|2|9|1|1
4249.0|2|2|424|9|0|0|1|0|10|0|14|235|100|4|0|1|3|10|15|1|1
4258.0|1|1|425|8|0|0|1|100|10|0|14|235|100|4|2|1|3|1|255|1|1
4268.0|2|2|426|8|0|0|1|50|10|0|14|235|100|4|1|1|3|10|255|1|1
4337.0|1|1|433|7|0|0|1|150|10|0|14|235|100|4|3|1|3|2|9|1|1
4349.0|2|2|434|9|0|0|1|0|10|0|14|235|100|4|0|1|3|10|15|1|1
4358.0|1|1|435|8|0|0|1|100|10|0|14|235|100|4|2|1|3|1|255|1|1
4368.0|2|2|436|8|0|0|1|50|10|0|14|235|100|4|1|1|3|10|255|1|1
4437.0|1|1|443|7|0|0|1|150|10|0|14|235|100|4|3|1|3|2|9|1|1
4449.0|2|2|444|9|0|0|1|0|10|0|14|235|100|4|0|1|3|10|15|1|1
4458.0|1|1|445|8|0|0|1|100|10|0|14|235|100|4|2|1|3|1|255|1|1
4468.0|2|2|446|8|0|0|1|50|10|0|14|235|100|4|1|1|3|10|255|1|1
4537.0|1|1|453|7|0|0|1|150|10|0|14|235|100|4|3|1|3|2|9|1|1
4549.0|2|2|454|9|0|0|1|0|10|0|14|235|100|4|0|1|3|10|15|1|1
4558.0|1|1|455|8|0|0|1|100|10|0|14|235|100|4|2|1|3|1|255|1|1
4568.0|2|2|456|8|0|0|1|50|10|0|14|235|100|4|1|1|3|10|255|1|1
4637.0|1|1|463|7|0|0|1|150|10|0|14|235|100|4|3|1|3|2|9|1|1
4649.0|2|2|464|9|0|0|1|0|10|0|14|235|100|4|0|1|3|10|15|1|1
4658.0|1|1|465|8|0|0|1|100|10|0|14|235|100|4|2|1|3|1|255|1|1
4668.0|2|2|466|8|0|0|1|50|10|0|14|235|100|4|1|1|3|10|255|1|1
4737.0|1|1|473|7|0|0|1|150|10|0|14|235|100|4|3|1|3|2|9|1|1
4749.0|2|2|474|9|0|0|1|0|10|0|14|235|100|4|0|1|3|10|15|1|1
4758.0|1|1|475|8|0|0|1|100|10|0|14|235|100|4|2|1|3|1|255|1|1
4768.0|2|2|476|8|0|0|1|50|10|0|14|235|100|4|1|1|3|10|255|1|1
4837.0|1|1|483|7|0|0|1|150|10|0|14|235|100|4|3|1|3|2|9|1|1
4849.0|2|2|484|9|0|0|1|0|10|0|14|235|100|4|0|1|3|10|15|1|1
4858.0|1|1|485|8|0|0|1|100|10|0|14|235|100|4|2|1|3|1|255|1|1
4868.0|2|2|486|8|0|0|1|50|10|0|14|235|100|4|1|1|3|10|255|1|1
4937.0|1|1|493|7|0|0|1|100|10|0|14|235|100|4|2|1|3|2|10|1|1
4957.0|1|1|495|7|0|0|1|0|10|0|14|235|100|4|0|1|3|1|255|1|1
4957.0|2|2|495|7|0|0|1|100|10|0|14|235|100|4|2|1|3|2|9|1|1
4969.0|2|2|496|9|0|0|1|150|10|0|14|235|100|4|3|1|3|10|255|1|1
5037.0|1|1|503|7|0|0|1|100|10|0|14|235|100|4|2|1|3|2|10|1|1
5057.0|1|1|505|7|0|0|1|0|10|0|14|235|100|4|0|1|3|1|255|1|1
5057.0|2|2|505|7|0|0|1|100|10|0|14|235|100|4|2|1|3|2|9|1|1
5069.0|2|2|506|9|0|0|1|150|10|0|14|235|100|4|3|1|3|10|255|1|1
5137.0|1|1|513|7|0|0|1|100|10|0|14|235|100|4|2|1|3|2|10|1|1
5157.0|1|1|515|7|0|0|1|0|10|0|14|235|100|4|0|1|3|1|255|1|1
5157.0|2|2|515|7|0|0|1|100|10|0|14|235|100|4|2|1|3|2|9|1|1
5169.0|2|2|516|9|0|0|1|150|10|0|14|235|100|4|3|1|3|10|255|1|1
5237.0|1|1|523|7|0|0|1|100|10|0|14|235|100|4|2|1|3|2|10|1|1
5257.0|1|1|525|7|0|0|1|0|10|0|14|235|100|4|0|1|3|1|255|1|1
5257.0|2|2|525|7|0|0|1|100|10|0|14|235|100|4|2|1|3|2|9|1|1
5269.0|2|2|526|9|0|0|1|150|10|0|14|235|100|4|3|1|3|10|255|1|1
5337.0|1|1|533|7|0|0|1|100|10|0|14|235|100|4|2|1|3|2|10|1|1
5357.0|1|1|535|7|0|0|1|0|10|0|14|235|100|4|0|1|3|1|255|1|1
5357.0|2|2|535|7|0|0|1|100|10|0|14|235|100|4|2|1|3|2|9|1|1
5369.0|2|2|536|9|0|0|1|150|10|0|14|235|100|4|3|1|3|10|255|1|1
5437.0|1|1|543|7|0|0|1|100|10|0|14|235|100|4|2|1|3|2|10|1|1
5457.0|1|1|545|7|0|0|1|0|10|0|14|235|100|4|0|1|3|1|255|1|1
5457.0|2|2|545|7|0|0|1|100|10|0|14|235|100|4|2|1|3|2|9|1|1
5469.0|2|2|546|9|0|0|1|150|10|0|14|235|100|4|3|1|3|10|255|1|1
5537.0|1|1|553|7|0|0|1|100|10|0|14|235|100|4|2|1|3|2|10|1|1
5557.0|1|1|555|7|0|0|1|0|10|0|14|235|100|4|0|1|3|1|255|1|1
5557.0|2|2|555|7|0|0|1|100|10|0|14|235|100|4|2|1|3|2|9|1|1
5569.0|2|2|556|9|0|0|1|150|10|0|14|235|100|4|3|1|3|10|255|1|1
5637.0|1|1|563|7|0|0|1|100|10|0|14|235|100|4|2|1|3|2|10|1|1
5657.0|1|1|565|7|0|0|1|0|10|0|14|235|100|4|0|1|3|1|255|1|1
5657.0|2|2|565|7|0|0|1|100|10|0|14|235|100|4|2|1|3|2|9|1|1
5669.0|2|2|566|9|0|0|1|150|10|0|14|235|100|4|3|1|3|10|255|1|1
5737.0|1|1|573|7|0|0|1|100|10|0|14|235|100|4|2|1|3|2|10|1|1
5757.0|1|1|575|7|0|0|1|0|10|0|14|235|100|4|0|1|3|1|255|1|1
5757.0|2|2|575|7|0|0|1|100|10|0|14|235|100|4|2|1|3|2|9|1|1
5769.0|2|2|576|9|0|0|1|150|10|0|14|235|100|4|3|1|3|10|255|1|1
5837.0|1|1|583|7|0|0|1|100|10|0|14|235|100|4|2|1|3|2|10|1|1
5857.0|1|1|585|7|0|0|1|0|10|0|14|235|100|4|0|1|3|1|255|1|1
5857.0|2|2|585|7|0|0|1|100|10|0|14|235|100|4|2|1|3|2|9|1|1
5869.0|2|2|586|9|0|0|1|150|10|0|14|235|100|4|3|1|3|10|255|1|1
5937.0|1|1|593|7|0|0|1|100|10|0|14|235|100|4|2|1|3|2|10|1|1
5949.0|2|2|594|9|0|0|1|150|10|0|14|235|100|4|3|1|3|10|18|1|1
5957.0|1|1|595|7|0|0|1|0|10|0|14|235|100|4|0|1|3|1|255|1|1
5968.0|2|2|596|8|0|0|1|0|10|0|14|235|100|4|0|1|3|1|255|1|1
6037.0|1|1|603|7|0|0|1|100|10|0|14|235|100|4|2|1|3|2|10|1|1
6049.0|2|2|604|9|0|0|1|150|10|0|14|235|100|4|3|1|3|10|18|1|1
6057.0|1|1|605|7|0|0|1|0|10|0|14|235|100|4|0|1|3|1|255|1|1
6068.0|2|2|606|8|0|0|1|0|10|0|14|235|100|4|0|1|3|1|255|1|1
6137.0|1|1|613|7|0|0|1|150|10|0|14|235|100|4|3|1|3|8|9|1|1
6147.0|1|1|614|7|0|0|1|0|10|0|14|235|100|4|0|1|3|10|255|1|1
6149.0|2|2|614|9|0|0|1|150|10|0|14|235|100|4|3|1|3|10|18|1|1
6168.0|2|2|616|8|0|0|1|0|10|0|14|235|100|4|0|1|3|1|255|1|1
6237.0|1|1|623|7|0|0|1|150|10|0|14|235|100|4|3|1|3|8|9|1|1
6247.0|1|1|624|7|0|0|1|0|10|0|14|235|100|4|0|1|3|10|255|1|1
6249.0|2|2|624|9|0|0|1|150|10|0|14|235|100|4|3|1|3|10|18|1|1
6268.0|2|2|626|8|0|0|1|0|10|0|14|235|100|4|0|1|3|1|255|1|1
6337.0|1|1|633|7|0|0|1|150|10|0|14|235|100|4|3|1|3|8|9|1|1
6347.0|1|1|634|7|0|0|1|0|10|0|14|235|100|4|0|1|3|10|255|1|1
6349.0|2|2|634|9|0|0|1|150|10|0|14|235|100|4|3|1|3|10|18|1|1
6368.0|2|2|636|8|0|0|1|0|10|0|14|235|100|4|0|1|3|1|255|1|1
6437.0|1|1|643|7|0|0|1|150|10|0|14|235|100|4|3|1|3|8|9|1|1
6447.0|1|1|644|7|0|0|1|0|10|0|14|235|100|4|0|1|3|10|255|1|1
6449.0|2|2|644|9|0|0|1|150|10|0|14|235|100|4|3|1|3|10|18|1|1
6468.0|2|2|646|8|0|0|1|0|10|0|14|235|100|4|0|1|3|1|255|1|1
6537.0|1|1|653|7|0|0|1|150|10|0|14|235|100|4|3|1|3|8|9|1|1
6547.0|1|1|654|7|0|0|1|0|10|0|14|235|100|4|0|1|3|10|255|1|1
6549.0|2|2|654|9|0|0|1|150|10|0|14|235|100|4|3|1|3|10|18|1|1
6568.0|2|2|656|8|0|0|1|0|10|0|14|235|100|4|0|1|3|1|255|1|1
6637.0|1|1|663|7|0|0|1|150|10|0|14|235|100|4|3|1|3|8|9|1|1
6647.0|1|1|664|7|0|0|1|0|10|0|14|235|100|4|0|1|3|10|255|1|1
6657.0|2|2|665|7|0|0|1|100|10|0|14|235|100|4|2|1|3|7|9|1|1
6668.0|2|2|666|8|0|0|1|0|10|0|14|235|100|4|0|1|3|1|255|1|1
6737.0|1|1|673|7|0|0|1|150|10|0|14|235|100|4|3|1|3|8|9|1|1
6747.0|1|1|674|7|0|0|1|0|10|0|14|235|100|4|0|1|3|10|255|1|1
6757.0|2|2|675|7|0|0|1|100|10|0|14|235|100|4|2|1|3|7|9|1|1
6768.0|2|2|676|8|0|0|1|0|10|0|14|235|100|4|0|1|3|1|255|1|1
6837.0|1|1|683|7|0|0|1|150|10|0|14|235|100|4|3|1|3|8|9|1|1
6847.0|1|1|684|7|0|0|1|0|10|0|14|235|100|4|0|1|3|10|255|1|1
6857.0|2|2|685|7|0|0|1|100|10|0|14|235|100|4|2|1|3|7|9|1|1
6868.0|2|2|686|8|0|0|1|0|10|0|14|235|100|4|0|1|3|1|255|1|1
6944.0|1|1|694|4|0|0|1|100|10|0|14|235|100|4|2|1|3|1|3|1|1
6949.0|1|1|694|9|0|0|1|150|10|0|14|235|100|4|3|1|3|10|255|1|1
6957.0|2|2|695|7|0|0|1|100|10|0|14|235|100|4|2|1|3|7|9|1|1
6968.0|2|2|696|8|0|0|1|0|10|0|14|235|100|4|0|1|3|1|255|1|1
7044.0|1|1|704|4|0|0|1|100|10|0|14|235|100|4|2|1|3|1|3|1|1
7049.0|1|1|704|9|0|0|1|150|10|0|14|235|100|4|3|1|3|10|255|1|1
7057.0|2|2|705|7|0|0|1|100|10|0|14|235|100|4|2|1|3|7|9|1|1
7068.0|2|2|706|8|0|0|1|0|10|0|14|235|100|4|0|1|3|1|255|1|1
7144.0|1|1|714|4|0|0|1|100|10|0|14|235|100|4|2|1|3|1|3|1|1
7149.0|1|1|714|9|0|0|1|150|10|0|14|235|100|4|3|1|3|10|255|1|1
7157.0|2|2|715|7|0|0|1|100|10|0|14|235|100|4|2|1|3|7|9|1|1
7168.0|2|2|716|8|0|0|1|0|10|0|14|235|100|4|0|1|3|1|255|1|1
7244.0|1|1|724|4|0|0|1|100|10|0|14|235|100|4|2|1|3|1|3|1|1
7249.0|1|1|724|9|0|0|1|150|10|0|14|235|100|4|3|1|3|10|255|1|1
7258.0|2|2|725|8|0|0|1|50|10|0|14|235|100|4|1|1|3|6|7|1|1
7267.0|2|2|726|7|0|0|1|100|10|0|14|235|100|4|2|1|3|12|255|1|1
7344.0|1|1|734|4|0|0|1|100|10|0|14|235|100|4|2|1|3|1|3|1|1
7349.0|1|1|734|9|0|0|1|150|10|0|14|235|100|4|3|1|3|10|255|1|1
7358.0|2|2|735|8|0|0|1|50|10|0|14|235|100|4|1|1|3|6|7|1|1
7367.0|2|2|736|7|0|0|1|100|10|0|14|235|100|4|2|1|3|12|255|1|1
7444.0|1|1|744|4|0|0|1|100|10|0|14|235|100|4|2|1|3|1|3|1|1
7449.0|1|1|744|9|0|0|1|150|10|0|14|235|100|4|3|1|3|10|255|1|1
7458.0|2|2|745|8|0|0|1|50|10|0|14|235|100|4|1|1|3|6|7|1|1
7467.0|2|2|746|7|0|0|1|100|10|0|14|235|100|4|2|1|3|12|255|1|1
7544.0|1|1|754|4|0|0|1|100|10|0|14|235|100|4|2|1|3|1|3|1|1
7549.0|1|1|754|9|0|0|1|150|10|0|14|235|100|4|3|1|3|10|255|1|1
7558.0|2|2|755|8|0|0|1|50|10|0|14|235|100|4|1|1|3|6|7|1|1
7567.0|2|2|756|7|0|0|1|100|10|0|14|235|100|4|2|1|3|12|255|1|1
7644.0|1|1|764|4|0|0|1|100|10|0|14|235|100|4|2|1|3|1|3|1|1
7649.0|1|1|764|9|0|0|1|150|10|0|14|235|100|4|3|1|3|10|255|1|1
7658.0|2|2|765|8|0|0|1|50|10|0|14|235|100|4|1|1|3|6|7|1|1
7667.0|2|2|766|7|0|0|1|100|10|0|14|235|100|4|2|1|3|12|255|1|1
7744.0|1|1|774|4|0|0|1|100|10|0|14|235|100|4|2|1|3|1|3|1|1
7749.0|1|1|774|9|0|0|1|150|10|0|14|235|100|4|3|1|3|10|255|1|1
7758.0|2|2|775|8|0|0|1|50|10|0|14|235|100|4|1|1|3|6|7|1|1
7767.0|2|2|776|7|0|0|1|100|10|0|14|235|100|4|2|1|3|12|255|1|1
7844.0|1|1|784|4|0|0|1|100|10|0|14|235|100|4|2|1|3|1|3|1|1
7849.0|1|1|784|9|0|0|1|150|10|0|14|235|100|4|3|1|3|10|255|1|1
7858.0|2|2|785|8|0|0|1|50|10|0|14|235|100|4|1|1|3|6|7|1|1
7867.0|2|2|786|7|0|0|1|100|10|0|14|235|100|4|2|1|3|12|255|1|1
7944.0|1|1|794|4|0|0|1|100|10|0|14|235|100|4|2|1|3|1|3|1|1
7949.0|1|1|794|9|0|0|1|150|10|0|14|235|100|4|3|1|3|10|255|1|1
7949.0|2|2|794|9|0|0|1|100|10|0|14|235|100|4|2|1|3|10|15|1|1
7965.0|2|2|796|5|0|0|1|150|10|0|14|235|100|4|3|1|3|1|255|1|1
8044.0|1|1|804|4|0|0|1|100|10|0|14|235|100|4|2|1|3|1|3|1|1
8049.0|1|1|804|9|0|0|1|150|10|0|14|235|100|4|3|1|3|10|255|1|1
8049.0|2|2|804|9|0|0|1|100|10|0|14|235|100|4|2|1|3|10|15|1|1
8065.0|2|2|806|5|0|0|1|150|10|0|14|235|100|4|3|1|3|1|255|1|1
8144.0|1|1|814|4|0|0|1|100|10|0|14|235|100|4|2|1|3|1|3|1|1
8149.0|1|1|814|9|0|0|1|150|10|0|14|235|100|4|3|1|3|10|255|1|1
8149.0|2|2|814|9|0|0|1|100|10|0|14|235|100|4|2|1|3|10|15|1|1
8165.0|2|2|816|5|0|0|1|150|10|0|14|235|100|4|3|1|3|1|255|1|1
8239.0|1|1|823|9|0|0|1|50|10|0|14|235|100|4|1|1|3|5|9|1|1
8249.0|1|1|824|9|0|0|1|50|10|0|14|235|100|4|1|1|3|8|255|1|1
8249.0|2|2|824|9|0|0|1|100|10|0|14|235|100|4|2|1|3|10|15|1|1
8265.0|2|2|826|5|0|0|1|150|10|0|14|235|100|4|3|1|3|1|255|1|1
8339.0|1|1|833|9|0|0|1|50|10|0|14|235|100|4|1|1|3|5|9|1|1
8349.0|1|1|834|9|0|0|1|50|10|0|14|235|100|4|1|1|3|8|255|1|1
8349.0|2|2|834|9|0|0|1|100|10|0|14|235|100|4|2|1|3|10|15|1|1
8365.0|2|2|836|5|0|0|1|150|10|0|14|235|100|4|3|1|3|1|255|1|1
8439.0|1|1|843|9|0|0|1|50|10|0|14|235|100|4|1|1|3|5|9|1|1
8449.0|1|1|844|9|0|0|1|50|10|0|14|235|100|4|1|1|3|8|255|1|1
8449.0|2|2|844|9|0|0|1|100|10|0|14|235|100|4|2|1|3|10|15|1|1
8465.0|2|2|846|5|0|0|1|150|10|0|14|235|100|4|3|1|3|1|255|1|1
8539.0|1|1|853|9|0|0|1|50|10|0|14|235|100|4|1|1|3|5|9|1|1
8549.0|1|1|854|9|0|0|1|50|10|0|14|235|100|4|1|1|3|8|255|1|1
8549.0|2|2|854|9|0|0|1|100|10|0|14|235|100|4|2|1|3|10|18|1|1
8578.0|2|2|857|8|0|0|1|100|10|0|14|235|100|4|2|1|3|1|255|1|1
8639.0|1|1|863|9|0|0|1|50|10|0|14|235|100|4|1|1|3|5|9|1|1
8649.0|1|1|864|9|0|0|1|50|10|0|14|235|100|4|1|1|3|8|255|1|1
8649.0|2|2|864|9|0|0|1|100|10|0|14|235|100|4|2|1|3|10|18|1|1
8678.0|2|2|867|8|0|0|1|100|10|0|14|235|100|4|2|1|3|1|255|1|1
8739.0|1|1|873|9|0|0|1|50|10|0|14|235|100|4|1|1|3|5|9|1|1
8749.0|1|1|874|9|0|0|1|50|10|0|14|235|100|4|1|1|3|8|255|1|1
8749.0|2|2|874|9|0|0|1|100|10|0|14|235|100|4|2|1|3|10|18|1|1
8778.0|2|2|877|8|0|0|1|100|10|0|14|235|100|4|2|1|3|1|255|1|1
8839.0|1|1|883|9|0|0|1|50|10|0|14|235|100|4|1|1|3|5|9|1|1
8849.0|1|1|884|9|0|0|1|50|10|0|14|235|100|4|1|1|3|8|255|1|1
8849.0|2|2|884|9|0|0|1|100|10|0|14|235|100|4|2|1|3|10|18|1|1
8878.0|2|2|887|8|0|0|1|100|10|0|14|235|100|4|2|1|3|1|255|1|1
8939.0|1|1|893|9|0|0|1|50|10|0|14|235|100|4|1|1|3|5|9|1|1
8949.0|1|1|894|9|0|0|1|50|10|0|14|235|100|4|1|1|3|8|255|1|1
8949.0|2|2|894|9|0|0|1|100|10|0|14|235|100|4|2|1|3|10|18|1|1
8978.0|2|2|897|8|0|0|1|100|10|0|14|235|100|4|2|1|3|1|255|1|1
9039.0|1|1|903|9|0|0|1|50|10|0|14|235|100|4|1|1|3|5|9|1|1
9049.0|1|1|904|9|0|0|1|50|10|0|14|235|100|4|1|1|3|8|255|1|1
9049.0|2|2|904|9|0|0|1|100|10|0|14|235|100|4|2|1|3|10|18|1|1
9078.0|2|2|907|8|0|0|1|100|10|0|14|235|100|4|2|1|3|1|255|1|1
9139.0|1|1|913|9|0|0|1|50|10|0|14|235|100|4|1|1|3|5|9|1|1
9149.0|1|1|914|9|0|0|1|50|10|0|14|235|100|4|1|1|3|8|255|1|1
9149.0|2|2|914|9|0|0|1|100|10|0|14|235|100|4|2|1|3|10|18|1|1
9178.0|2|2|917|8|0|0|1|100|10|0|14|235|100|4|2|1|3|1|255|1|1
9239.0|1|1|923|9|0|0|1|50|10|0|14|235|100|4|1|1|3|5|9|1|1
9249.0|1|1|924|9|0|0|1|50|10|0|14|235|100|4|1|1|3|8|255|1|1
9249.0|2|2|924|9|0|0|1|100|10|0|14|235|100|4|2|1|3|10|18|1|1
9278.0|2|2|927|8|0|0|1|100|10|0|14|235|100|4|2|1|3|1|255|1|1
9339.0|1|1|933|9|0|0|1|0|10|0|14|235|100|4|0|1|3|5|9|1|1
9357.0|1|1|935|7|0|0|1|0|10|0|14|235|100|4|0|1|3|2|255|1|1
9358.0|2|2|935|8|0|0|1|100|10|0|14|235|100|4|2|1|3|8|9|1|1
9377.0|2|2|937|7|0|0|1|50|10|0|14|235|100|4|1|1|3|2|255|1|1
9439.0|1|1|943|9|0|0|1|0|10|0|14|235|100|4|0|1|3|5|9|1|1
9457.0|1|1|945|7|0|0|1|0|10|0|14|235|100|4|0|1|3|2|255|1|1
9458.0|2|2|945|8|0|0|1|100|10|0|14|235|100|4|2|1|3|8|9|1|1
9477.0|2|2|947|7|0|0|1|50|10|0|14|235|100|4|1|1|3|2|255|1|1
9539.0|1|1|953|9|0|0|1|0|10|0|14|235|100|4|0|1|3|5|9|1|1
9557.0|1|1|955|7|0|0|1|0|10|0|14|235|100|4|0|1|3|2|255|1|1
9558.0|2|2|955|8|0|0|1|100|10|0|14|235|100|4|2|1|3|8|9|1|1
9577.0|2|2|957|7|0|0|1|50|10|0|14|235|100|4|1|1|3|2|255|1|1
9639.0|1|1|963|9|0|0|1|0|10|0|14|235|100|4|0|1|3|5|9|1|1
9657.0|1|1|965|7|0|0|1|0|10|0|14|235|100|4|0|1|3|2|255|1|1
9658.0|2|2|965|8|0|0|1|100|10|0|14|235|100|4|2|1|3|8|9|1|1
9677.0|2|2|967|7|0|0|1|50|10|0|14|235|100|4|1|1|3|2|255|1|1
9739.0|1|1|973|9|0|0|1|0|10|0|14|235|100|4|0|1|3|5|9|1|1
9757.0|1|1|975|7|0|0|1|0|10|0|14|235|100|4|0|1|3|2|255|1|1
9758.0|2|2|975|8|0|0|1|100|10|0|14|235|100|4|2|1|3|8|9|1|1
9777.0|2|2|977|7|0|0|1|50|10|0|14|235|100|4|1|1|3|2|255|1|1
9839.0|1|1|983|9|0|0|1|0|10|0|14|235|100|4|0|1|3|5|9|1|1
9857.0|1|1|985|7|0|0|1|0|10|0|14|235|100|4|0|1|3|2|255|1|1
9858.0|2|2|985|8|0|0|1|100|10|0|14|235|100|4|2|1|3|8|9|1|1
9877.0|2|2|987|7|0|0|1|50|10|0|14|235|100|4|1|1|3|2|255|1|1
9939.0|1|1|993|9|0|0|1|0|10|0|14|235|100|4|0|1|3|5|9|1|1
9957.0|1|1|995|7|0|0|1|0|10|0|14|235|100|4|0|1|3|2|255|1|1
9958.0|2|2|995|8|0|0|1|100|10|0|14|235|100|4|2|1|3|8|9|1|1
9977.0|2|2|997|7|0|0|1|50|10|0|14|235|100|4|1|1|3|2|255|1|1
10039.0|1|1|1003|9|0|0|1|0|10|0|14|235|100|4|0|1|3|5|9|1|1
10057.0|1|1|1005|7|0|0|1|0|10|0|14|235|100|4|0|1|3|2|255|1|1
10058.0|2|2|1005|8|0|0|1|100|10|0|14|235|100|4|2|1|3|8|9|1|1
10077.0|2|2|1007|7|0|0|1|50|10|0|14|235|100|4|1|1|3|2|255|1|1
10139.0|1|1|1013|9|0|0|1|0|10|0|14|235|100|4|0|1|3|5|9|1|1
10157.0|1|1|1015|7|0|0|1|0|10|0|14|235|100|4|0|1|3|2|255|1|1
10158.0|2|2|1015|8|0|0|1|100|10|0|14|235|100|4|2|1|3|8|9|1|1
10177.0|2|2|1017|7|0|0|1|50|10|0|14|235|100|4|1|1|3|2|255|1|1
10239.0|1|1|1023|9|0|0|1|0|10|0|14|235|100|4|0|1|3|5|9|1|1
10257.0|1|1|1025|7|0|0|1|0|10|0|14|235|100|4|0|1|3|2|255|1|1
10258.0|2|2|1025|8|0|0|1|100|10|0|14|235|100|4|2|1|3|8|9|1|1
10277.0|2|2|1027|7|0|0|1|50|10|0|14|235|100|4|1|1|3|2|255|1|1
10339.0|1|1|1033|9|0|0|1|0|10|0|14|235|100|4|0|1|3|5|9|1|1
10349.0|2|2|1034|9|0|0|1|50|10|0|14|235|100|4|1|1|3|8|10|1|1
10357.0|1|1|1035|7|0|0|1|0|10|0|14|235|100|4|0|1|3|2|255|1|1
10364.0|2|2|1036|4|0|0|1|50|10|0|14|235|100|4|1|1|3|4|255|1|1
10439.0|1|1|1043|9|0|0|1|0|10|0|14|235|100|4|0|1|3|5|9|1|1
10449.0|2|2|1044|9|0|0|1|50|10|0|14|235|100|4|1|1|3|8|10|1|1
10457.0|1|1|1045|7|0|0|1|0|10|0|14|235|100|4|0|1|3|2|255|1|1
10464.0|2|2|1046|4|0|0|1|50|10|0|14|235|100|4|1|1|3|4|255|1|1
10539.0|1|1|1053|9|0|0|1|0|10|0|14|235|100|4|0|1|3|5|9|1|1
10549.0|2|2|1054|9|0|0|1|50|10|0|14|235|100|4|1|1|3|8|10|1|1
10557.0|1|1|1055|7|0|0|1|0|10|0|14|235|100|4|0|1|3|2|255|1|1
10564.0|2|2|1056|4|0|0|1|50|10|0|14|235|100|4|1|1|3|4|255|1|1
10645.0|1|1|1064|5|0|0|1|150|10|0|14|235|100|4|3|1|3|1|2|1|1
10648.0|1|1|1064|8|0|0|1|150|10|0|14|235|100|4|3|1|3|1|255|1|1
10649.0|2|2|1064|9|0|0|1|50|10|0|14|235|100|4|1|1|3|8|10|1|1
10664.0|2|2|1066|4|0|0|1|50|10|0|14|235|100|4|1|1|3|4|255|1|1
10745.0|1|1|1074|5|0|0|1|150|10|0|14|235|100|4|3|1|3|1|2|1|1
10748.0|1|1|1074|8|0|0|1|150|10|0|14|235|100|4|3|1|3|1|255|1|1
10749.0|2|2|1074|9|0|0|1|50|10|0|14|235|100|4|1|1|3|8|10|1|1
10764.0|2|2|1076|4|0|0|1|50|10|0|14|235|100|4|1|1|3|4|255|1|1
10845.0|1|1|1084|5|0|0|1|150|10|0|14|235|100|4|3|1|3|1|2|1|1
10848.0|1|1|1084|8|0|0|1|150|10|0|14|235|100|4|3|1|3|1|255|1|1
10849.0|2|2|1084|9|0|0|1|50|10|0|14|235|100|4|1|1|3|8|10|1|1
10864.0|2|2|1086|4|0|0|1|50|10|0|14|235|100|4|1|1|3|4|255|1|1
10945.0|1|1|1094|5|0|0|1|150|10|0|14|235|100|4|3|1|3|1|2|1|1
10948.0|1|1|1094|8|0|0|1|150|10|0|14|235|100|4|3|1|3|1|255|1|1
10957.0|2|2|1095|7|0|0|1|50|10|0|14|235|100|4|1|1|3|10|11|1|1
10969.0|2|2|1096|9|0|0|1|150|10|0|14|235|100|4|3|1|3|10|255|1|1
11045.0|1|1|1104|5|0|0|1|150|10|0|14|235|100|4|3|1|3|1|2|1|1
11048.0|1|1|1104|8|0|0|1|150|10|0|14|235|100|4|3|1|3|1|255|1|1
11057.0|2|2|1105|7|0|0|1|50|10|0|14|235|100|4|1|1|3|10|11|1|1
11069.0|2|2|1106|9|0|0|1|150|10|0|14|235|100|4|3|1|3|10|255|1|1
11145.0|1|1|1114|5|0|0|1|150|10|0|14|235|100|4|3|1|3|1|2|1|1
11148.0|1|1|1114|8|0|0|1|150|10|0|14|235|100|4|3|1|3|1|255|1|1
11157.0|2|2|1115|7|0|0|1|50|10|0|14|235|100|4|1|1|3|10|11|1|1
11169.0|2|2|1116|9|0|0|1|150|10|0|14|235|100|4|3|1|3|10|255|1|1
11245.0|1|1|1124|5|0|0|1|150|10|0|14|235|100|4|3|1|3|1|2|1|1
11248.0|1|1|1124|8|0|0|1|150|10|0|14|235|100|4|3|1|3|1|255|1|1
11257.0|2|2|1125|7|0|0|1|50|10|0|14|235|100|4|1|1|3|10|11|1|1
11269.0|2|2|1126|9|0|0|1|150|10|0|14|235|100|4|3|1|3|10|255|1|1
11345.0|1|1|1134|5|0|0|1|150|10|0|14|235|100|4|3|1|3|1|2|1|1
11348.0|1|1|1134|8|0|0|1|150|10|0|14|235|100|4|3|1|3|1|255|1|1
11357.0|2|2|1135|7|0|0|1|50|10|0|14|235|100|4|1|1|3|10|11|1|1
11369.0|2|2|1136|9|0|0|1|150|10|0|14|235|100|4|3|1|3|10|255|1|1
11445.0|1|1|1144|5|0|0|1|150|10|0|14|235|100|4|3|1|3|1|2|1|1
11448.0|1|1|1144|8|0|0|1|150|10|0|14|235|100|4|3|1|3|1|255|1|1
11457.0|2|2|1145|7|0|0|1|50|10|0|14|235|100|4|1|1|3|10|11|1|1
11469.0|2|2|1146|9|0|0|1|150|10|0|14|235|100|4|3|1|3|10|255|1|1
11538.0|1|1|1153|8|0|0|1|100|10|0|14|235|100|4|2|1|3|6|7|1|1
11548.0|1|1|1154|8|0|0|1|50|10|0|14|235|100|4|1|1|3|9|255|1|1
11557.0|2|2|1155|7|0|0|1|50|10|0|14|235|100|4|1|1|3|10|11|1|1
11569.0|2|2|1156|9|0|0|1|150|10|0|14|235|100|4|3|1|3|10|255|1|1
11638.0|1|1|1163|8|0|0|1|100|10|0|14|235|100|4|2|1|3|6|7|1|1
11648.0|1|1|1164|8|0|0|1|50|10|0|14|235|100|4|1|1|3|9|255|1|1
11658.0|2|2|1165|8|0|0|1|100|10|0|14|235|100|4|2|1|3|6|9|1|1
11677.0|2|2|1167|7|0|0|1|150|10|0|14|235|100|4|3|1|3|1|255|1|1
11738.0|1|1|1173|8|0|0|1|100|10|0|14|235|100|4|2|1|3|6|7|1|1
11748.0|1|1|1174|8|0|0|1|50|10|0|14|235|100|4|1|1|3|9|255|1|1
11758.0|2|2|1175|8|0|0|1|100|10|0|14|235|100|4|2|1|3|6|9|1|1
11777.0|2|2|1177|7|0|0|1|150|10|0|14|235|100|4|3|1|3|1|255|1|1
11838.0|1|1|1183|8|0|0|1|100|10|0|14|235|100|4|2|1|3|6|7|1|1
11848.0|1|1|1184|8|0|0|1|50|10|0|14|235|100|4|1|1|3|9|255|1|1
11858.0|2|2|1185|8|0|0|1|100|10|0|14|235|100|4|2|1|3|6|9|1|1
11877.0|2|2|1187|7|0|0|1|150|10|0|14|235|100|4|3|1|3|1|255|1|1
11938.0|1|1|1193|8|0|0|1|100|10|0|14|235|100|4|2|1|3|6|7|1|1
11948.0|1|1|1194|8|0|0|1|50|10|0|14|235|100|4|1|1|3|9|255|1|1
11958.0|2|2|1195|8|0|0|1|100|10|0|14|235|100|4|2|1|3|6|9|1|1
11977.0|2|2|1197|7|0|0|1|150|10|0|14|235|100|4|3|1|3|1|255|1|1
12038.0|1|1|1203|8|0|0|1|100|10|0|14|235|100|4|2|1|3|6|7|1|1
12048.0|1|1|1204|8|0|0|1|50|10|0|14|235|100|4|1|1|3|9|255|1|1
12058.0|2|2|1205|8|0|0|1|100|10|0|14|235|100|4|2|1|3|6|9|1|1
12077.0|2|2|1207|7|0|0|1|150|10|0|14|235|100|4|3|1|3|1|255|1|1
12138.0|1|1|1213|8|0|0|1|100|10|0|14|235|100|4|2|1|3|6|7|1|1
12148.0|1|1|1214|8|0|0|1|50|10|0|14|235|100|4|1|1|3|9|255|1|1
12158.0|2|2|1215|8|0|0|1|100|10|0|14|235|100|4|2|1|3|6|9|1|1
12177.0|2|2|1217|7|0|0|1|150|10|0|14|235|100|4|3|1|3|1|255|1|1
12238.0|1|1|1223|8|0|0|1|100|10|0|14|235|100|4|2|1|3|6|7|1|1
12248.0|1|1|1224|8|0|0|1|50|10|0|14|235|100|4|1|1|3|9|255|1|1
12258.0|2|2|1225|8|0|0|1|100|10|0|14|235|100|4|2|1|3|6|9|1|1
12277.0|2|2|1227|7|0|0|1|150|10|0|14|235|100|4|3|1|3|1|255|1|1
12338.0|1|1|1233|8|0|0|1|100|10|0|14|235|100|4|2|1|3|6|7|1|1
12348.0|1|1|1234|8|0|0|1|50|10|0|14|235|100|4|1|1|3|9|255|1|1
12358.0|2|2|1235|8|0|0|1|100|10|0|14|235|100|4|2|1|3|6|9|1|1
12377.0|2|2|1237|7|0|0|1|150|10|0|14|235|100|4|3|1|3|1|255|1|1
12438.0|1|1|1243|8|0|0|1|100|10|0|14|235|100|4|2|1|3|6|7|1|1
12448.0|1|1|1244|8|0|0|1|50|10|0|14|235|100|4|1|1|3|9|255|1|1
12458.0|2|2|1245|8|0|0|1|100|10|0|14|235|100|4|2|1|3|6|9|1|1
12477.0|2|2|1247|7|0|0|1|150|10|0|14|235|100|4|3|1|3|1|255|1|1
12538.0|1|1|1253|8|0|0|1|100|10|0|14|235|100|4|2|1|3|6|7|1|1
12548.0|1|1|1254|8|0|0|1|50|10|0|14|235|100|4|1|1|3|9|255|1|1
12558.0|2|2|1255|8|0|0|1|100|10|0|14|235|100|4|2|1|3|6|9|1|1
12577.0|2|2|1257|7|0|0|1|150|10|0|14|235|100|4|3|1|3|1|255|1|1
12638.0|1|1|1263|8|0|0|1|100|10|0|14|235|100|4|2|1|3|6|7|1|1
12648.0|1|1|1264|8|0|0|1|50|10|0|14|235|100|4|1|1|3|9|255|1|1
12658.0|2|2|1265|8|0|0|1|100|10|0|14|235|100|4|2|1|3|6|9|1|1
12677.0|2|2|1267|7|0|0|1|150|10|0|14|235|100|4|3|1|3|1|255|1|1
12738.0|1|1|1273|8|0|0|1|100|10|0|14|235|100|4|2|1|3|6|7|1|1
12748.0|1|1|1274|8|0|0|1|50|10|0|14|235|100|4|1|1|3|9|255|1|1
12758.0|2|2|1275|8|0|0|1|100|10|0|14|235|100|4|2|1|3|6|9|1|1
12777.0|2|2|1277|7|0|0|1|150|10|0|14|235|100|4|3|1|3|1|255|1|1
12838.0|1|1|1283|8|0|0|1|100|10|0|14|235|100|4|2|1|3|6|7|1|1
12848.0|1|1|1284|8|0|0|1|50|10|0|14|235|100|4|1|1|3|9|255|1|1
12858.0|2|2|1285|8|0|0|1|100|10|0|14|235|100|4|2|1|3|6|9|1|1
12877.0|2|2|1287|7|0|0|1|150|10|0|14|235|100|4|3|1|3|1|255|1|1
12946.0|1|1|1294|6|0|0|1|50|10|0|14|235|100|4|1|1|3|2|3|1|1
12957.0|1|1|1295|7|0|0|1|150|10|0|14|235|100|4|3|1|3|1|255|1|1
12958.0|2|2|1295|8|0|0|1|100|10|0|14|235|100|4|2|1|3|6|9|1|1
12977.0|2|2|1297|7|0|0|1|150|10|0|14|235|100|4|3|1|3|1|255|1|1
13046.0|1|1|1304|6|0|0|1|50|10|0|14|235|100|4|1|1|3|2|3|1|1
13057.0|1|1|1305|7|0|0|1|150|10|0|14|235|100|4|3|1|3|1|255|1|1
13057.0|2|2|1305|7|0|0|1|50|10|0|14|235|100|4|1|1|3|1|2|1|1
13077.0|2|2|1307|7|0|0|1|50|10|0|14|235|100|4|1|1|3|2|255|1|1
13146.0|1|1|1314|6|0|0|1|50|10|0|14|235|100|4|1|1|3|2|3|1|1
13157.0|1|1|1315|7|0|0|1|150|10|0|14|235|100|4|3|1|3|1|255|1|1
13157.0|2|2|1315|7|0|0|1|50|10|0|14|235|100|4|1|1|3|1|2|1|1
13177.0|2|2|1317|7|0|0|1|50|10|0|14|235|100|4|1|1|3|2|255|1|1
13246.0|1|1|1324|6|0|0|1|50|10|0|14|235|100|4|1|1|3|2|3|1|1
13257.0|1|1|1325|7|0|0|1|150|10|0|14|235|100|4|3|1|3|1|255|1|1
13257.0|2|2|1325|7|0|0|1|50|10|0|14|235|100|4|1|1|3|1|2|1|1
13277.0|2|2|1327|7|0|0|1|50|10|0|14|235|100|4|1|1|3|2|255|1|1
13346.0|1|1|1334|6|0|0|1|50|10|0|14|235|100|4|1|1|3|2|3|1|1
13357.0|1|1|1335|7|0|0|1|150|10|0|14|235|100|4|3|1|3|1|255|1|1
13357.0|2|2|1335|7|0|0|1|50|10|0|14|235|100|4|1|1|3|1|2|1|1
13377.0|2|2|1337|7|0|0|1|50|10|0|14|235|100|4|1|1|3|2|255|1|1
13446.0|1|1|1344|6|0|0|1|50|10|0|14|235|100|4|1|1|3|2|3|1|1
13457.0|1|1|1345|7|0|0|1|150|10|0|14|235|100|4|3|1|3|1|255|1|1
13457.0|2|2|1345|7|0|0|1|50|10|0|14|235|100|4|1|1|3|1|2|1|1
13477.0|2|2|1347|7|0|0|1|50|10|0|14|235|100|4|1|1|3|2|255|1|1
13546.0|1|1|1354|6|0|0|1|50|10|0|14|235|100|4|1|1|3|2|3|1|1
13557.0|1|1|1355|7|0|0|1|150|10|0|14|235|100|4|3|1|3|1|255|1|1
13557.0|2|2|1355|7|0|0|1|50|10|0|14|235|100|4|1|1|3|1|2|1|1
13577.0|2|2|1357|7|0|0|1|50|10|0|14|235|100|4|1|1|3|2|255|1|1
13646.0|1|1|1364|6|0|0|1|50|10|0|14|235|100|4|1|1|3|2|3|1|1
13657.0|1|1|1365|7|0|0|1|150|10|0|14|235|100|4|3|1|3|1|255|1|1
13657.0|2|2|1365|7|0|0|1|50|10|0|14|235|100|4|1|1|3|1|2|1|1
13677.0|2|2|1367|7|0|0|1|50|10|0|14|235|100|4|1|1|3|2|255|1|1
13746.0|1|1|1374|6|0|0|1|50|10|0|14|235|100|4|1|1|3|2|3|1|1
13757.0|1|1|1375|7|0|0|1|150|10|0|14|235|100|4|3|1|3|1|255|1|1
13757.0|2|2|1375|7|0|0|1|50|10|0|14|235|100|4|1|1|3|1|2|1|1
13777.0|2|2|1377|7|0|0|1|50|10|0|14|235|100|4|1|1|3|2|255|1|1
13846.0|1|1|1384|6|0|0|1|50|10|0|14|235|100|4|1|1|3|2|3|1|1
13857.0|1|1|1385|7|0|0|1|150|10|0|14|235|100|4|3|1|3|1|255|1|1
13857.0|2|2|1385|7|0|0|1|50|10|0|14|235|100|4|1|1|3|1|2|1|1
13877.0|2|2|1387|7|0|0|1|50|10|0|14|235|100|4|1|1|3|2|255|1|1
13946.0|1|1|1394|6|0|0|1|50|10|0|14|235|100|4|1|1|3|2|3|1|1
13957.0|1|1|1395|7|0|0|1|150|10|0|14|235|100|4|3|1|3|1|255|1|1
13958.0|2|2|1395|8|0|0|1|0|10|0|14|235|100|4|0|1|3|1|10|1|1
13969.0|2|2|1396|9|0|0|1|0|10|0|14|235|100|4|0|1|3|8|255|1|1
14046.0|1|1|1404|6|0|0|1|50|10|0|14|235|100|4|1|1|3|2|3|1|1
14057.0|1|1|1405|7|0|0|1|150|10|0|14|235|100|4|3|1|3|1|255|1|1
14058.0|2|2|1405|8|0|0|1|0|10|0|14|235|100|4|0|1|3|1|10|1|1
14069.0|2|2|1406|9|0|0|1|0|10|0|14|235|100|4|0|1|3|8|255|1|1
14145.0|1|1|1414|5|0|0|1|0|10|0|14|235|100|4|0|1|3|1|4|1|1
14158.0|1|1|1415|8|0|0|1|150|10|0|14|235|100|4|3|1|3|1|255|1|1
14158.0|2|2|1415|8|0|0|1|0|10|0|14|235|100|4|0|1|3|1|10|1|1
14169.0|2|2|1416|9|0|0|1|0|10|0|14|235|100|4|0|1|3|8|255|1|1
14245.0|1|1|1424|5|0|0|1|0|10|0|14|235|100|4|0|1|3|1|4|1|1
14258.0|1|1|1425|8|0|0|1|150|10|0|14|235|100|4|3|1|3|1|255|1|1
14258.0|2|2|1425|8|0|0|1|0|10|0|14|235|100|4|0|1|3|1|10|1|1
14269.0|2|2|1426|9|0|0|1|0|10|0|14|235|100|4|0|1|3|8|255|1|1
14345.0|1|1|1434|5|0|0|1|0|10|0|14|235|100|4|0|1|3|1|4|1|1
14358.0|1|1|1435|8|0|0|1|150|10|0|14|235|100|4|3|1|3|1|255|1|1
14358.0|2|2|1435|8|0|0|1|0|10|0|14|235|100|4|0|1|3|1|10|1|1
14369.0|2|2|1436|9|0|0|1|0|10|0|14|235|100|4|0|1|3|8|255|1|1
14445.0|1|1|1444|5|0|0|1|0|10|0|14|235|100|4|0|1|3|1|4|1|1
14458.0|1|1|1445|8|0|0|1|150|10|0|14|235|100|4|3|1|3|1|255|1|1
14458.0|2|2|1445|8|0|0|1|0|10|0|14|235|100|4|0|1|3|1|10|1|1
14469.0|2|2|1446|9|0|0|1|0|10|0|14|235|100|4|0|1|3|8|255|1|1
14545.0|1|1|1454|5|0|0|1|0|10|0|14|235|100|4|0|1|3|1|4|1|1
14558.0|1|1|1455|8|0|0|1|150|10|0|14|235|100|4|3|1|3|1|255|1|1
14564.0|2|2|1456|4|0|0|1|0|10|0|14|235|100|4|0|1|3|1|2|1|1
14567.0|2|2|1456|7|0|0|1|150|10|0|14|235|100|4|3|1|3|11|255|1|1
14645.0|1|1|1464|5|0|0|1|0|10|0|14|235|100|4|0|1|3|1|4|1|1
14658.0|1|1|1465|8|0|0|1|150|10|0|14|235|100|4|3|1|3|1|255|1|1
14664.0|2|2|1466|4|0|0|1|0|10|0|14|235|100|4|0|1|3|1|2|1|1
14667.0|2|2|1466|7|0|0|1|150|10|0|14|235|100|4|3|1|3|11|255|1|1
14745.0|1|1|1474|5|0|0|1|0|10|0|14|235|100|4|0|1|3|1|4|1|1
14758.0|1|1|1475|8|0|0|1|150|10|0|14|235|100|4|3|1|3|1|255|1|1
14764.0|2|2|1476|4|0|0|1|0|10|0|14|235|100|4|0|1|3|1|2|1|1
14767.0|2|2|1476|7|0|0|1|150|10|0|14|235|100|4|3|1|3|11|255|1|1
14845.0|1|1|1484|5|0|0|1|0|10|0|14|235|100|4|0|1|3|1|4|1|1
14858.0|1|1|1485|8|0|0|1|150|10|0|14|235|100|4|3|1|3|1|255|1|1
14864.0|2|2|1486|4|0|0|1|0|10|0|14|235|100|4|0|1|3|1|2|1|1
14867.0|2|2|1486|7|0|0|1|150|10|0|14|235|100|4|3|1|3|11|255|1|1
14945.0|1|1|1494|5|0|0|1|0|10|0|14|235|100|4|0|1|3|1|4|1|1
14958.0|1|1|1495|8|0|0|1|150|10|0|14|235|100|4|3|1|3|1|255|1|1
14964.0|2|2|1496|4|0|0|1|0|10|0|14|235|100|4|0|1|3|1|2|1|1
14967.0|2|2|1496|7|0|0|1|150|10|0|14|235|100|4|3|1|3|11|255|1|1
15045.0|1|1|1504|5|0|0|1|0|10|0|14|235|100|4|0|1|3|1|4|1|1
15058.0|1|1|1505|8|0|0|1|150|10|0|14|235|100|4|3|1|3|1|255|1|1
15064.0|2|2|1506|4|0|0|1|0|10|0|14|235|100|4|0|1|3|1|2|1|1
15067.0|2|2|1506|7|0|0|1|150|10|0|14|235|100|4|3|1|3|11|255|1|1
15139.0|1|1|1513|9|0|0|1|150|10|0|14|235|100|4|3|1|3|5|9|1|1
15157.0|1|1|1515|7|0|0|1|100|10|0|14|235|100|4|2|1|3|1|255|1|1
15164.0|2|2|1516|4|0|0|1|0|10|0|14|235|100|4|0|1|3|1|2|1|1
15167.0|2|2|1516|7|0|0|1|150|10|0|14|235|100|4|3|1|3|11|255|1|1
15239.0|1|1|1523|9|0|0|1|150|10|0|14|235|100|4|3|1|3|5|9|1|1
15257.0|1|1|1525|7|0|0|1|100|10|0|14|235|100|4|2|1|3|1|255|1|1
15264.0|2|2|1526|4|0|0|1|0|10|0|14|235|100|4|0|1|3|1|2|1|1
15267.0|2|2|1526|7|0|0|1|150|10|0|14|235|100|4|3|1|3|11|255|1|1
15339.0|1|1|1533|9|0|0|1|150|10|0|14|235|100|4|3|1|3|5|9|1|1
15357.0|1|1|1535|7|0|0|1|100|10|0|14|235|100|4|2|1|3|1|255|1|1
15364.0|2|2|1536|4|0|0|1|0|10|0|14|235|100|4|0|1|3|1|2|1|1
15367.0|2|2|1536|7|0|0|1|150|10|0|14|235|100|4|3|1|3|11|255|1|1
15439.0|1|1|1543|9|0|0|1|150|10|0|14|235|100|4|3|1|3|5|9|1|1
15457.0|1|1|1545|7|0|0|1|100|10|0|14|235|100|4|2|1|3|1|255|1|1
15464.0|2|2|1546|4|0|0|1|0|10|0|14|235|100|4|0|1|3|1|2|1|1
15467.0|2|2|1546|7|0|0|1|150|10|0|14|235|100|4|3|1|3|11|255|1|1
15539.0|1|1|1553|9|0|0|1|150|10|0|14|235|100|4|3|1|3|5|9|1|1
15557.0|1|1|1555|7|0|0|1|100|10|0|14|235|100|4|2|1|3|1|255|1|1
15564.0|2|2|1556|4|0|0|1|0|10|0|14|235|100|4|0|1|3|1|2|1|1
15567.0|2|2|1556|7|0|0|1|150|10|0|14|235|100|4|3|1|3|11|255|1|1
15639.0|1|1|1563|9|0|0|1|150|10|0|14|235|100|4|3|1|3|5|9|1|1
15657.0|1|1|1565|7|0|0|1|100|10|0|14|235|100|4|2|1|3|1|255|1|1
15664.0|2|2|1566|4|0|0|1|0|10|0|14|235|100|4|0|1|3|1|2|1|1
15667.0|2|2|1566|7|0|0|1|150|10|0|14|235|100|4|3|1|3|11|255|1|1
15739.0|1|1|1573|9|0|0|1|150|10|0|14|235|100|4|3|1|3|5|9|1|1
15757.0|1|1|1575|7|0|0|1|100|10|0|14|235|100|4|2|1|3|1|255|1|1
15764.0|2|2|1576|4|0|0|1|0|10|0|14|235|100|4|0|1|3|1|2|1|1
15767.0|2|2|1576|7|0|0|1|150|10|0|14|235|100|4|3|1|3|11|255|1|1
15839.0|1|1|1583|9|0|0|1|150|10|0|14|235|100|4|3|1|3|5|9|1|1
15857.0|1|1|1585|7|0|0|1|100|10|0|14|235|100|4|2|1|3|1|255|1|1
15864.0|2|2|1586|4|0|0|1|0|10|0|14|235|100|4|0|1|3|1|2|1|1
15867.0|2|2|1586|7|0|0|1|150|10|0|14|235|100|4|3|1|3|11|255|1|1
15939.0|1|1|1593|9|0|0|1|150|10|0|14|235|100|4|3|1|3|5|9|1|1
15957.0|1|1|1595|7|0|0|1|100|10|0|14|235|100|4|2|1|3|1|255|1|1
15964.0|2|2|1596|4|0|0|1|0|10|0|14|235|100|4|0|1|3|1|2|1|1
15967.0|2|2|1596|7|0|0|1|150|10|0|14|235|100|4|3|1|3|11|255|1|1
16039.0|1|1|1603|9|0|0|1|150|10|0|14|235|100|4|3|1|3|5|9|1|1
16057.0|1|1|1605|7|0|0|1|100|10|0|14|235|100|4|2|1|3|1|255|1|1
16059.0|2|2|1605|9|0|0|1|150|10|0|14|235|100|4|3|1|3|7|8|1|1
16068.0|2|2|1606|8|0|0|1|100|10|0|14|235|100|4|2|1|3|10|255|1|1
16139.0|1|1|1613|9|0|0|1|150|10|0|14|235|100|4|3|1|3|5|9|1|1
16157.0|1|1|1615|7|0|0|1|100|10|0|14|235|100|4|2|1|3|1|255|1|1
16159.0|2|2|1615|9|0|0|1|150|10|0|14|235|100|4|3|1|3|7|8|1|1
16168.0|2|2|1616|8|0|0|1|100|10|0|14|235|100|4|2|1|3|10|255|1|1
16239.0|1|1|1623|9|0|0|1|150|10|0|14|235|100|4|3|1|3|5|9|1|1
16257.0|1|1|1625|7|0|0|1|100|10|0|14|235|100|4|2|1|3|1|255|1|1
16259.0|2|2|1625|9|0|0|1|150|10|0|14|235|100|4|3|1|3|7|8|1|1
16268.0|2|2|1626|8|0|0|1|100|10|0|14|235|100|4|2|1|3|10|255|1|1
16346.0|1|1|1634|6|0|0|1|100|10|0|14|235|100|4|2|1|3|1|2|1|1
16357.0|1|1|1635|7|0|0|1|150|10|0|14|235|100|4|3|1|3|2|255|1|1
16359.0|2|2|1635|9|0|0|1|150|10|0|14|235|100|4|3|1|3|7|8|1|1
16368.0|2|2|1636|8|0|0|1|100|10|0|14|235|100|4|2|1|3|10|255|1|1
16446.0|1|1|1644|6|0|0|1|100|10|0|14|235|100|4|2|1|3|1|2|1|1
16457.0|1|1|1645|7|0|0|1|150|10|0|14|235|100|4|3|1|3|2|255|1|1
16459.0|2|2|1645|9|0|0|1|150|10|0|14|235|100|4|3|1|3|7|8|1|1
16468.0|2|2|1646|8|0|0|1|100|10|0|14|235|100|4|2|1|3|10|255|1|1
16546.0|1|1|1654|6|0|0|1|100|10|0|14|235|100|4|2|1|3|1|2|1|1
16557.0|1|1|1655|7|0|0|1|150|10|0|14|235|100|4|3|1|3|2|255|1|1
16559.0|2|2|1655|9|0|0|1|150|10|0|14|235|100|4|3|1|3|7|8|1|1
16568.0|2|2|1656|8|0|0|1|100|10|0|14|235|100|4|2|1|3|10|255|1|1
16646.0|1|1|1664|6|0|0|1|100|10|0|14|235|100|4|2|1|3|1|2|1|1
16657.0|1|1|1665|7|0|0|1|150|10|0|14|235|100|4|3|1|3|2|255|1|1
16659.0|2|2|1665|9|0|0|1|150|10|0|14|235|100|4|3|1|3|7|8|1|1
16668.0|2|2|1666|8|0|0|1|100|10|0|14|235|100|4|2|1|3|10|255|1|1
16746.0|1|1|1674|6|0|0|1|100|10|0|14|235|100|4|2|1|3|1|2|1|1
16757.0|1|1|1675|7|0|0|1|150|10|0|14|235|100|4|3|1|3|2|255|1|1
16759.0|2|2|1675|9|0|0|1|150|10|0|14|235|100|4|3|1|3|7|8|1|1
16768.0|2|2|1676|8|0|0|1|100|10|0|14|235|100|4|2|1|3|10|255|1|1
16846.0|1|1|1684|6|0|0|1|100|10|0|14|235|100|4|2|1|3|1|2|1|1
16857.0|1|1|1685|7|0|0|1|150|10|0|14|235|100|4|3|1|3|2|255|1|1
16859.0|2|2|1685|9|0|0|1|150|10|0|14|235|100|4|3|1|3|7|8|1|1
16868.0|2|2|1686|8|0|0|1|100|10|0|14|235|100|4|2|1|3|10|255|1|1
16946.0|1|1|1694|6|0|0|1|100|10|0|14|235|100|4|2|1|3|1|2|1|1
16957.0|1|1|1695|7|0|0|1|150|10|0|14|235|100|4|3|1|3|2|255|1|1
16959.0|2|2|1695|9|0|0|1|150|10|0|14|235|100|4|3|1|3|7|8|1|1
16968.0|2|2|1696|8|0|0|1|100|10|0|14|235|100|4|2|1|3|10|255|1|1
17046.0|1|1|1704|6|0|0|1|100|10|0|14|235|100|4|2|1|3|1|2|1|1
17057.0|1|1|1705|7|0|0|1|150|10|0|14|235|100|4|3|1|3|2|255|1|1
17059.0|2|2|1705|9|0|0|1|150|10|0|14|235|100|4|3|1|3|7|8|1|1
17068.0|2|2|1706|8|0|0|1|100|10|0|14|235|100|4|2|1|3|10|255|1|1
17146.0|1|1|1714|6|0|0|1|100|10|0|14|235|100|4|2|1|3|1|2|1|1
17157.0|1|1|1715|7|0|0|1|150|10|0|14|235|100|4|3|1|3|2|255|1|1
17159.0|2|2|1715|9|0|0|1|150|10|0|14|235|100|4|3|1|3|7|8|1|1
17168.0|2|2|1716|8|0|0|1|100|10|0|14|235|100|4|2|1|3|10|255|1|1
17246.0|1|1|1724|6|0|0|1|100|10|0|14|235|100|4|2|1|3|1|2|1|1
17257.0|1|1|1725|7|0|0|1|150|10|0|14|235|100|4|3|1|3|2|255|1|1
17259.0|2|2|1725|9|0|0|1|150|10|0|14|235|100|4|3|1|3|7|8|1|1
17268.0|2|2|1726|8|0|0|1|100|10|0|14|235|100|4|2|1|3|10|255|1|1
17346.0|1|1|1734|6|0|0|1|100|10|0|14|235|100|4|2|1|3|1|2|1|1
17357.0|1|1|1735|7|0|0|1|150|10|0|14|235|100|4|3|1|3|2|255|1|1
17359.0|2|2|1735|9|0|0|1|150|10|0|14|235|100|4|3|1|3|7|8|1|1
17368.0|2|2|1736|8|0|0|1|100|10|0|14|235|100|4|2|1|3|10|255|1|1
17446.0|1|1|1744|6|0|0|1|100|10|0|14|235|100|4|2|1|3|1|2|1|1
17457.0|1|1|1745|7|0|0|1|150|10|0|14|235|100|4|3|1|3|2|255|1|1
17459.0|2|2|1745|9|0|0|1|150|10|0|14|235|100|4|3|1|3|7|8|1|1
17468.0|2|2|1746|8|0|0|1|100|10|0|14|235|100|4|2|1|3|10|255|1|1
17546.0|1|1|1754|6|0|0|1|100|10|0|14|235|100|4|2|1|3|1|2|1|1
17557.0|1|1|1755|7|0|0|1|150|10|0|14|235|100|4|3|1|3|2|255|1|1
17558.0|2|2|1755|8|0|0|1|150|10|0|14|235|100|4|3|1|3|1|6|1|1
17568.0|2|2|1756|8|0|0|1|0|10|0|14|235|100|4|0|1|3|10|255|1|1
17646.0|1|1|1764|6|0|0|1|100|10|0|14|235|100|4|2|1|3|1|2|1|1
17657.0|1|1|1765|7|0|0|1|150|10|0|14|235|100|4|3|1|3|2|255|1|1
17658.0|2|2|1765|8|0|0|1|150|10|0|14|235|100|4|3|1|3|1|6|1|1
17668.0|2|2|1766|8|0|0|1|0|10|0|14|235|100|4|0|1|3|10|255|1|1
17738.0|1|1|1773|8|0|0|1|50|10|0|14|235|100|4|1|1|3|1|6|1|1
17757.0|1|1|1775|7|0|0|1|0|10|0|14|235|100|4|0|1|3|2|255|1|1
17758.0|2|2|1775|8|0|0|1|150|10|0|14|235|100|4|3|1|3|1|6|1|1
17768.0|2|2|1776|8|0|0|1|0|10|0|14|235|100|4|0|1|3|10|255|1|1
17838.0|1|1|1783|8|0|0|1|50|10|0|14|235|100|4|1|1|3|1|6|1|1
17857.0|1|1|1785|7|0|0|1|0|10|0|14|235|100|4|0|1|3|2|255|1|1
17858.0|2|2|1785|8|0|0|1|150|10|0|14|235|100|4|3|1|3|1|6|1|1
17868.0|2|2|1786|8|0|0|1|0|10|0|14|235|100|4|0|1|3|10|255|1|1
17938.0|1|1|1793|8|0|0|1|50|10|0|14|235|100|4|1|1|3|1|6|1|1
17957.0|1|1|1795|7|0|0|1|0|10|0|14|235|100|4|0|1|3|2|255|1|1
17958.0|2|2|1795|8|0|0|1|150|10|0|14|235|100|4|3|1|3|1|6|1|1
17968.0|2|2|1796|8|0|0|1|0|10|0|14|235|100|4|0|1|3|10|255|1|1
18038.0|1|1|1803|8|0|0|1|50|10|0|14|235|100|4|1|1|3|1|6|1|1
18057.0|1|1|1805|7|0|0|1|0|10|0|14|235|100|4|0|1|3|2|255|1|1
18058.0|2|2|1805|8|0|0|1|150|10|0|14|235|100|4|3|1|3|1|6|1|1
18068.0|2|2|1806|8|0|0|1|0|10|0|14|235|100|4|0|1|3|10|255|1|1
18138.0|1|1|1813|8|0|0|1|50|10|0|14|235|100|4|1|1|3|1|6|1|1
18157.0|1|1|1815|7|0|0|1|0|10|0|14|235|100|4|0|1|3|2|255|1|1
18158.0|2|2|1815|8|0|0|1|150|10|0|14|235|100|4|3|1|3|1|6|1|1
18168.0|2|2|1816|8|0|0|1|0|10|0|14|235|100|4|0|1|3|10|255|1|1
18238.0|1|1|1823|8|0|0|1|50|10|0|14|235|100|4|1|1|3|1|6|1|1
18257.0|1|1|1825|7|0|0|1|0|10|0|14|235|100|4|0|1|3|2|255|1|1
18258.0|2|2|1825|8|0|0|1|150|10|0|14|235|100|4|3|1|3|1|6|1|1
18268.0|2|2|1826|8|0|0|1|0|10|0|14|235|100|4|0|1|3|10|255|1|1
18338.0|1|1|1833|8|0|0|1|50|10|0|14|235|100|4|1|1|3|1|6|1|1
18349.0|2|2|1834|9|0|0|1|150|10|0|14|235|100|4|3|1|3|16|17|1|1
18357.0|1|1|1835|7|0|0|1|0|10|0|14|235|100|4|0|1|3|2|255|1|1
18369.0|2|2|1836|9|0|0|1|50|10|0|14|235|100|4|1|1|3|9|255|1|1
18438.0|1|1|1843|8|0|0|1|50|10|0|14|235|100|4|1|1|3|1|6|1|1
18449.0|2|2|1844|9|0|0|1|150|10|0|14|235|100|4|3|1|3|16|17|1|1
18457.0|1|1|1845|7|0|0|1|0|10|0|14|235|100|4|0|1|3|2|255|1|1
18469.0|2|2|1846|9|0|0|1|50|10|0|14|235|100|4|1|1|3|9|255|1|1
18538.0|1|1|1853|8|0|0|1|50|10|0|14|235|100|4|1|1|3|1|6|1|1
18549.0|2|2|1854|9|0|0|1|150|10|0|14|235|100|4|3|1|3|16|17|1|1
18557.0|1|1|1855|7|0|0|1|0|10|0|14|235|100|4|0|1|3|2|255|1|1
18569.0|2|2|1856|9|0|0|1|50|10|0|14|235|100|4|1|1|3|9|255|1|1
18637.0|1|1|1863|7|0|0|1|100|10|0|14|235|100|4|2|1|3|7|8|1|1
18646.0|1|1|1864|6|0|0|1|150|10|0|14|235|100|4|3|1|3|12|255|1|1
18649.0|2|2|1864|9|0|0|1|150|10|0|14|235|100|4|3|1|3|16|17|1|1
18669.0|2|2|1866|9|0|0|1|50|10|0|14|235|100|4|1|1|3|9|255|1|1
18737.0|1|1|1873|7|0|0|1|100|10|0|14|235|100|4|2|1|3|7|8|1|1
18746.0|1|1|1874|6|0|0|1|150|10|0|14|235|100|4|3|1|3|12|255|1|1
18749.0|2|2|1874|9|0|0|1|150|10|0|14|235|100|4|3|1|3|16|17|1|1
18769.0|2|2|1876|9|0|0|1|50|10|0|14|235|100|4|1|1|3|9|255|1|1
18837.0|1|1|1883|7|0|0|1|100|10|0|14|235|100|4|2|1|3|7|8|1|1
18846.0|1|1|1884|6|0|0|1|150|10|0|14|235|100|4|3|1|3|12|255|1|1
18857.0|2|2|1885|7|0|0|1|50|10|0|14|235|100|4|1|1|3|1|2|1|1
18867.0|2|2|1886|7|0|0|1|100|10|0|14|235|100|4|2|1|3|12|255|1|1
18937.0|1|1|1893|7|0|0|1|100|10|0|14|235|100|4|2|1|3|7|8|1|1
18946.0|1|1|1894|6|0|0|1|150|10|0|14|235|100|4|3|1|3|12|255|1|1
18957.0|2|2|1895|7|0|0|1|50|10|0|14|235|100|4|1|1|3|1|2|1|1
18967.0|2|2|1896|7|0|0|1|100|10|0|14|235|100|4|2|1|3|12|255|1|1
19037.0|1|1|1903|7|0|0|1|100|10|0|14|235|100|4|2|1|3|7|8|1|1
19046.0|1|1|1904|6|0|0|1|150|10|0|14|235|100|4|3|1|3|12|255|1|1
19057.0|2|2|1905|7|0|0|1|50|10|0|14|235|100|4|1|1|3|1|2|1|1
19067.0|2|2|1906|7|0|0|1|100|10|0|14|235|100|4|2|1|3|12|255|1|1
19144.0|1|1|1914|4|0|0|1|50|10|0|14|235|100|4|1|1|3|2|3|1|1
19157.0|1|1|1915|7|0|0|1|150|10|0|14|235|100|4|3|1|3|2|255|1|1
19157.0|2|2|1915|7|0|0|1|50|10|0|14|235|100|4|1|1|3|1|2|1|1
19167.0|2|2|1916|7|0|0|1|100|10|0|14|235|100|4|2|1|3|12|255|1|1
19244.0|1|1|1924|4|0|0|1|50|10|0|14|235|100|4|1|1|3|2|3|1|1
19257.0|1|1|1925|7|0|0|1|150|10|0|14|235|100|4|3|1|3|2|255|1|1
19257.0|2|2|1925|7|0|0|1|50|10|0|14|235|100|4|1|1|3|1|2|1|1
19267.0|2|2|1926|7|0|0|1|100|10|0|14|235|100|4|2|1|3|12|255|1|1
19344.0|1|1|1934|4|0|0|1|50|10|0|14|235|100|4|1|1|3|2|3|1|1
19357.0|1|1|1935|7|0|0|1|150|10|0|14|235|100|4|3|1|3|2|255|1|1
19357.0|2|2|1935|7|0|0|1|50|10|0|14|235|100|4|1|1|3|1|2|1|1
19367.0|2|2|1936|7|0|0|1|100|10|0|14|235|100|4|2|1|3|12|255|1|1
19444.0|1|1|1944|4|0|0|1|50|10|0|14|235|100|4|1|1|3|2|3|1|1
19457.0|1|1|1945|7|0|0|1|150|10|0|14|235|100|4|3|1|3|2|255|1|1
19457.0|2|2|1945|7|0|0|1|50|10|0|14|235|100|4|1|1|3|1|2|1|1
19467.0|2|2|1946|7|0|0|1|100|10|0|14|235|100|4|2|1|3|12|255|1|1
19544.0|1|1|1954|4|0|0|1|50|10|0|14|235|100|4|1|1|3|2|3|1|1
19557.0|1|1|1955|7|0|0|1|150|10|0|14|235|100|4|3|1|3|2|255|1|1
19557.0|2|2|1955|7|0|0|1|50|10|0|14|235|100|4|1|1|3|1|2|1|1
19567.0|2|2|1956|7|0|0|1|100|10|0|14|235|100|4|2|1|3|12|255|1|1
19644.0|1|1|1964|4|0|0|1|50|10|0|14|235|100|4|1|1|3|2|3|1|1
19657.0|1|1|1965|7|0|0|1|150|10|0|14|235|100|4|3|1|3|2|255|1|1
19657.0|2|2|1965|7|0|0|1|50|10|0|14|235|100|4|1|1|3|1|2|1|1
19667.0|2|2|1966|7|0|0|1|100|10|0|14|235|100|4|2|1|3|12|255|1|1
19744.0|1|1|1974|4|0|0|1|50|10|0|14|235|100|4|1|1|3|2|3|1|1
19757.0|1|1|1975|7|0|0|1|150|10|0|14|235|100|4|3|1|3|2|255|1|1
19765.0|2|2|1976|5|0|0|1|0|10|0|14|235|100|4|0|1|3|1|3|1|1
19777.0|2|2|1977|7|0|0|1|0|10|0|14|235|100|4|0|1|3|1|255|1|1
19844.0|1|1|1984|4|0|0|1|50|10|0|14|235|100|4|1|1|3|2|3|1|1
19857.0|1|1|1985|7|0|0|1|150|10|0|14|235|100|4|3|1|3|2|255|1|1
19865.0|2|2|1986|5|0|0|1|0|10|0|14|235|100|4|0|1|3|1|3|1|1
19877.0|2|2|1987|7|0|0|1|0|10|0|14|235|100|4|0|1|3|1|255|1|1
19944.0|1|1|1994|4|0|0|1|50|10|0|14|235|100|4|1|1|3|2|3|1|1
19957.0|1|1|1995|7|0|0|1|150|10|0|14|235|100|4|3|1|3|2|255|1|1
19965.0|2|2|1996|5|0|0|1|0|10|0|14|235|100|4|0|1|3|1|3|1|1
19977.0|2|2|1997|7|0|0|1|0|10|0|14|235|100|4|0|1|3|1|255|1|1
20044.0|1|1|2004|4|0|0|1|50|10|0|14|235|100|4|1|1|3|2|3|1|1
20057.0|1|1|2005|7|0|0|1|150|10|0|14|235|100|4|3|1|3|2|255|1|1
20065.0|2|2|2006|5|0|0|1|0|10|0|14|235|100|4|0|1|3|1|3|1|1
20077.0|2|2|2007|7|0|0|1|0|10|0|14|235|100|4|0|1|3|1|255|1|1
20144.0|1|1|2014|4|0|0|1|50|10|0|14|235|100|4|1|1|3|2|3|1|1
20157.0|1|1|2015|7|0|0|1|150|10|0|14|235|100|4|3|1|3|2|255|1|1
20165.0|2|2|2016|5|0|0|1|0|10|0|14|235|100|4|0|1|3|1|3|1|1
20177.0|2|2|2017|7|0|0|1|0|10|0|14|235|100|4|0|1|3|1|255|1|1
20244.0|1|1|2024|4|0|0|1|50|10|0|14|235|100|4|1|1|3|2|3|1|1
20257.0|1|1|2025|7|0|0|1|150|10|0|14|235|100|4|3|1|3|2|255|1|1
20265.0|2|2|2026|5|0|0|1|0|10|0|14|235|100|4|0|1|3|1|3|1|1
20277.0|2|2|2027|7|0|0|1|0|10|0|14|235|100|4|0|1|3|1|255|1|1
20344.0|1|1|2034|4|0|0|1|50|10|0|14|235|100|4|1|1|3|2|3|1|1
20357.0|1|1|2035|7|0|0|1|150|10|0|14|235|100|4|3|1|3|2|255|1|1
20365.0|2|2|2036|5|0|0|1|0|10|0|14|235|100|4|0|1|3|1|3|1|1
20377.0|2|2|2037|7|0|0|1|0|10|0|14|235|100|4|0|1|3|1|255|1|1
20437.0|1|1|2043|7|0|0|1|50|10|0|14|235|100|4|1|1|3|1|7|1|1
20445.0|1|1|2044|5|0|0|1|150|10|0|14|235|100|4|3|1|3|14|255|1|1
20465.0|2|2|2046|5|0|0|1|0|10|0|14|235|100|4|0|1|3|1|3|1|1
20477.0|2|2|2047|7|0|0|1|0|10|0|14|235|100|4|0|1|3|1|255|1|1
20537.0|1|1|2053|7|0|0|1|50|10|0|14|235|100|4|1|1|3|1|7|1|1
20545.0|1|1|2054|5|0|0|1|150|10|0|14|235|100|4|3|1|3|14|255|1|1
20565.0|2|2|2056|5|0|0|1|0|10|0|14|235|100|4|0|1|3|1|3|1|1
20577.0|2|2|2057|7|0|0|1|0|10|0|14|235|100|4|0|1|3|1|255|1|1
20637.0|1|1|2063|7|0|0|1|50|10|0|14|235|100|4|1|1|3|1|7|1|1
20645.0|1|1|2064|5|0|0|1|150|10|0|14|235|100|4|3|1|3|14|255|1|1
20665.0|2|2|2066|5|0|0|1|0|10|0|14|235|100|4|0|1|3|1|3|1|1
20677.0|2|2|2067|7|0|0|1|0|10|0|14|235|100|4|0|1|3|1|255|1|1
20737.0|1|1|2073|7|0|0|1|50|10|0|14|235|100|4|1|1|3|1|7|1|1
20745.0|1|1|2074|5|0|0|1|150|10|0|14|235|100|4|3|1|3|14|255|1|1
20765.0|2|2|2076|5|0|0|1|0|10|0|14|235|100|4|0|1|3|1|3|1|1
20777.0|2|2|2077|7|0|0|1|0|10|0|14|235|100|4|0|1|3|1|255|1|1
20837.0|1|1|2083|7|0|0|1|50|10|0|14|235|100|4|1|1|3|1|7|1|1
20845.0|1|1|2084|5|0|0|1|150|10|0|14|235|100|4|3|1|3|14|255|1|1
20865.0|2|2|2086|5|0|0|1|0|10|0|14|235|100|4|0|1|3|1|3|1|1
20877.0|2|2|2087|7|0|0|1|0|10|0|14|235|100|4|0|1|3|1|255|1|1
20937.0|1|1|2093|7|0|0|1|50|10|0|14|235|100|4|1|1|3|1|7|1|1
20945.0|1|1|2094|5|0|0|1|150|10|0|14|235|100|4|3|1|3|14|255|1|1
20949.0|2|2|2094|9|0|0|1|100|10|0|14|235|100|4|2|1|3|10|15|1|1
20977.0|2|2|2097|7|0|0|1|0|10|0|14|235|100|4|0|1|3|2|255|1|1
21037.0|1|1|2103|7|0|0|1|50|10|0|14|235|100|4|1|1|3|1|7|1|1
21045.0|1|1|2104|5|0|0|1|150|10|0|14|235|100|4|3|1|3|14|255|1|1
21049.0|2|2|2104|9|0|0|1|100|10|0|14|235|100|4|2|1|3|10|15|1|1
21077.0|2|2|2107|7|0|0|1|0|10|0|14|235|100|4|0|1|3|2|255|1|1
21137.0|1|1|2113|7|0|0|1|50|10|0|14|235|100|4|1|1|3|1|7|1|1
21145.0|1|1|2114|5|0|0|1|150|10|0|14|235|100|4|3|1|3|14|255|1|1
21149.0|2|2|2114|9|0|0|1|100|10|0|14|235|100|4|2|1|3|10|15|1|1
21177.0|2|2|2117|7|0|0|1|0|10|0|14|235|100|4|0|1|3|2|255|1|1
21237.0|1|1|2123|7|0|0|1|50|10|0|14|235|100|4|1|1|3|1|7|1|1
21245.0|1|1|2124|5|0|0|1|150|10|0|14|235|100|4|3|1|3|14|255|1|1
21249.0|2|2|2124|9|0|0|1|100|10|0|14|235|100|4|2|1|3|10|15|1|1
21277.0|2|2|2127|7|0|0|1|0|10|0|14|235|100|4|0|1|3|2|255|1|1
21338.0|1|1|2133|8|0|0|1|0|10|0|14|235|100|4|0|1|3|1|8|1|1
21348.0|1|1|2134|8|0|0|1|150|10|0|14|235|100|4|3|1|3|9|255|1|1
21349.0|2|2|2134|9|0|0|1|100|10|0|14|235|100|4|2|1|3|10|15|1|1
21377.0|2|2|2137|7|0|0|1|0|10|0|14|235|100|4|0|1|3|2|255|1|1
21438.0|1|1|2143|8|0|0|1|0|10|0|14|235|100|4|0|1|3|1|8|1|1
21448.0|1|1|2144|8|0|0|1|150|10|0|14|235|100|4|3|1|3|9|255|1|1
21449.0|2|2|2144|9|0|0|1|0|10|0|14|235|100|4|0|1|3|8|15|1|1
21469.0|2|2|2146|9|0|0|1|150|10|0|14|235|100|4|3|1|3|9|255|1|1
21538.0|1|1|2153|8|0|0|1|0|10|0|14|235|100|4|0|1|3|1|8|1|1
21548.0|1|1|2154|8|0|0|1|150|10|0|14|235|100|4|3|1|3|9|255|1|1
21549.0|2|2|2154|9|0|0|1|0|10|0|14|235|100|4|0|1|3|8|15|1|1
21569.0|2|2|2156|9|0|0|1|150|10|0|14|235|100|4|3|1|3|9|255|1|1
21638.0|1|1|2163|8|0|0|1|0|10|0|14|235|100|4|0|1|3|1|8|1|1
21648.0|1|1|2164|8|0|0|1|150|10|0|14|235|100|4|3|1|3|9|255|1|1
21649.0|2|2|2164|9|0|0|1|0|10|0|14|235|100|4|0|1|3|8|15|1|1
21669.0|2|2|2166|9|0|0|1|150|10|0|14|235|100|4|3|1|3|9|255|1|1
21738.0|1|1|2173|8|0|0|1|0|10|0|14|235|100|4|0|1|3|1|8|1|1
21748.0|1|1|2174|8|0|0|1|150|10|0|14|235|100|4|3|1|3|9|255|1|1
21749.0|2|2|2174|9|0|0|1|0|10|0|14|235|100|4|0|1|3|8|15|1|1
21769.0|2|2|2176|9|0|0|1|150|10|0|14|235|100|4|3|1|3|9|255|1|1
21838.0|1|1|2183|8|0|0|1|0|10|0|14|235|100|4|0|1|3|1|8|1|1
21848.0|1|1|2184|8|0|0|1|150|10|0|14|235|100|4|3|1|3|9|255|1|1
21849.0|2|2|2184|9|0|0|1|0|10|0|14|235|100|4|0|1|3|8|15|1|1
21869.0|2|2|2186|9|0|0|1|150|10|0|14|235|100|4|3|1|3|9|255|1|1
21938.0|1|1|2193|8|0|0|1|0|10|0|14|235|100|4|0|1|3|1|8|1|1
21948.0|1|1|2194|8|0|0|1|150|10|0|14|235|100|4|3|1|3|9|255|1|1
21949.0|2|2|2194|9|0|0|1|0|10|0|14|235|100|4|0|1|3|8|15|1|1
21969.0|2|2|2196|9|0|0|1|150|10|0|14|235|100|4|3|1|3|9|255|1|1
22038.0|1|1|2203|8|0|0|1|0|10|0|14|235|100|4|0|1|3|1|8|1|1
22048.0|1|1|2204|8|0|0|1|150|10|0|14|235|100|4|3|1|3|9|255|1|1
22049.0|2|2|2204|9|0|0|1|0|10|0|14|235|100|4|0|1|3|8|15|1|1
22069.0|2|2|2206|9|0|0|1|150|10|0|14|235|100|4|3|1|3|9|255|1|1
