timeSec,seq_id,sinr_db,mcs,packet_sent,packet_received,window_pdr,success
2.129104767,0,180184.4344542264,14,2,0.0,0.0,1
2.229104767,1,180184.4344542264,14,2,0.0,0.0,1
2.329104767,2,180184.4344542264,14,2,0.0,0.0,1
2.429104767,3,180184.4344542264,14,2,0.0,0.0,1
2.529104767,4,180184.4344542264,14,2,0.0,0.0,1
2.629104767,5,180184.4344542264,14,2,0.0,0.0,1
2.729104767,6,180184.4344542264,14,2,0.0,0.0,1
2.829104767,7,180184.4344542264,14,2,0.0,0.0,1
2.929104767,8,180184.4344542264,14,2,0.0,0.0,1
3.029104767,9,180184.4344542264,14,2,0.0,0.0,1
3.129104767,10,180184.4344542264,14,2,0.0,0.0,1
3.229104767,11,180184.4344542264,14,2,0.0,0.0,1
3.329104767,12,180184.4344542264,14,2,0.0,0.0,1
3.429104767,13,180184.4344542264,14,2,0.0,0.0,1
3.529104767,14,180184.4344542264,14,2,0.0,0.0,1
3.629104767,15,180184.4344542264,14,2,0.0,0.0,1
3.729104767,16,180184.4344542264,14,2,0.0,0.0,1
3.829104767,17,180184.4344542264,14,2,0.0,0.0,1
3.929104767,18,180184.4344542264,14,2,0.0,0.0,1
4.029104767,19,180184.4344542264,14,2,0.0,0.0,1
4.129104767,20,180184.4344542264,14,2,0.0,0.0,1
4.229104767,21,180184.4344542264,14,2,0.0,0.0,1
4.329104767,22,180184.4344542264,14,2,0.0,0.0,1
4.429104767,23,180184.4344542264,14,2,0.0,0.0,1
4.529104767,24,180184.4344542264,14,2,0.0,0.0,1
4.629104767,25,180184.4344542264,14,2,0.0,0.0,1
4.729104767,26,180184.4344542264,14,2,0.0,0.0,1
4.829104767,27,180184.4344542264,14,2,0.0,0.0,1
4.929104767,28,180184.4344542264,14,2,0.0,0.0,1
5.029104767,29,180184.4344542264,14,2,0.0,0.0,1
5.129104767,30,180184.4344542264,14,2,0.0,0.0,1
5.229104767,31,180184.4344542264,14,2,0.0,0.0,1
5.329104767,32,180184.4344542264,14,2,0.0,0.0,1
5.429104767,33,180184.4344542264,14,2,0.0,0.0,1
5.529104767,34,180184.4344542264,14,2,0.0,0.0,1
5.629104767,35,180184.4344542264,14,2,0.0,0.0,1
5.729104767,36,180184.4344542264,14,2,0.0,0.0,1
5.829104767,37,180184.4344542264,14,2,0.0,0.0,1
5.929104767,38,180184.4344542264,14,2,0.0,0.0,1
6.029104767,39,180184.4344542264,14,2,0.0,0.0,1
6.129104767,40,180184.4344542264,14,2,0.0,0.0,1
6.229104767,41,180184.4344542264,14,2,0.0,0.0,1
6.329104767,42,180184.4344542264,14,2,0.0,0.0,1
6.429104767,43,180184.4344542264,14,2,0.0,0.0,1
6.529104767,44,180184.4344542264,14,2,0.0,0.0,1
6.629104767,45,180184.4344542264,14,2,0.0,0.0,1
6.729104767,46,180184.4344542264,14,2,0.0,0.0,1
6.829104767,47,180184.4344542264,14,2,0.0,0.0,1
6.929104767,48,180184.4344542264,14,2,0.0,0.0,1
7.029104767,49,180184.4344542264,14,2,0.0,0.0,1
7.129104767,50,180184.4344542264,14,2,0.0,0.0,1
7.229104767,51,180184.4344542264,14,2,0.0,0.0,1
7.329104767,52,180184.4344542264,14,2,0.0,0.0,1
7.429104767,53,180184.4344542264,14,2,0.0,0.0,1
7.529104767,54,180184.4344542264,14,2,0.0,0.0,1
7.629104767,55,180184.4344542264,14,2,0.0,0.0,1
7.729104767,56,180184.4344542264,14,2,0.0,0.0,1
7.829104767,57,180184.4344542264,14,2,0.0,0.0,1
7.929104767,58,180184.4344542264,14,2,0.0,0.0,1
8.029104767,59,180184.4344542264,14,2,0.0,0.0,1
8.129104767,60,180184.4344542264,14,2,0.0,0.0,1
8.229104767,61,180184.4344542264,14,2,0.0,0.0,1
8.329104767,62,180184.4344542264,14,2,0.0,0.0,1
8.429104767,63,180184.4344542264,14,2,0.0,0.0,1
8.529104767,64,180184.4344542264,14,2,0.0,0.0,1
8.629104767,65,180184.4344542264,14,2,0.0,0.0,1
8.729104767,66,180184.4344542264,14,2,0.0,0.0,1
8.829104767,67,180184.4344542264,14,2,0.0,0.0,1
8.929104767,68,180184.4344542264,14,2,0.0,0.0,1
9.029104767,69,180184.4344542264,14,2,0.0,0.0,1
9.129104767,70,180184.4344542264,14,2,0.0,0.0,1
9.229104767,71,180184.4344542264,14,2,0.0,0.0,1
9.329104767,72,180184.4344542264,14,2,0.0,0.0,1
9.429104767,73,180184.4344542264,14,2,0.0,0.0,1
9.529104767,74,180184.4344542264,14,2,0.0,0.0,1
9.629104767,75,180184.4344542264,14,2,0.0,0.0,1
9.729104767,76,180184.4344542264,14,2,0.0,0.0,1
9.829104767,77,180184.4344542264,14,2,0.0,0.0,1
9.929104767,78,180184.4344542264,14,2,0.0,0.0,1
10.029104767,79,180184.4344542264,14,2,0.0,0.0,1
10.129104767,80,180184.4344542264,14,2,0.0,0.0,1
10.229104767,81,180184.4344542264,14,2,0.0,0.0,1
10.329104767,82,180184.4344542264,14,2,0.0,0.0,1
10.429104767,83,180184.4344542264,14,2,0.0,0.0,1
10.529104767,84,180184.4344542264,14,2,0.0,0.0,1
10.629104767,85,180184.4344542264,14,2,0.0,0.0,1
10.729104767,86,180184.4344542264,14,2,0.0,0.0,1
10.829104767,87,180184.4344542264,14,2,0.0,0.0,1
10.929104767,88,180184.4344542264,14,2,0.0,0.0,1
11.029104767,89,180184.4344542264,14,2,0.0,0.0,1
11.129104767,90,180184.4344542264,14,2,0.0,0.0,1
11.229104767,91,180184.4344542264,14,2,0.0,0.0,1
11.329104767,92,180184.4344542264,14,2,0.0,0.0,1
11.429104767,93,180184.4344542264,14,2,0.0,0.0,1
11.529104767,94,180184.4344542264,14,2,0.0,0.0,1
11.629104767,95,180184.4344542264,14,2,0.0,0.0,1
11.729104767,96,180184.4344542264,14,2,0.0,0.0,1
11.829104767,97,180184.4344542264,14,2,0.0,0.0,1
11.929104767,98,180184.4344542264,14,2,0.0,0.0,1
12.029104767,99,180184.4344542264,14,2,0.0,0.0,1
12.129104767,100,180184.4344542264,14,2,0.0,0.0,1
12.229104767,101,180184.4344542264,14,2,0.0,0.0,1
12.329104767,102,180184.4344542264,14,2,0.0,0.0,1
12.429104767,103,180184.4344542264,14,2,0.0,0.0,1
12.529104767,104,180184.4344542264,14,2,0.0,0.0,1
12.629104767,105,180184.4344542264,14,2,0.0,0.0,1
12.729104767,106,180184.4344542264,14,2,0.0,0.0,1
12.829104767,107,180184.4344542264,14,2,0.0,0.0,1
12.929104767,108,180184.4344542264,14,2,0.0,0.0,1
13.029104767,109,180184.4344542264,14,2,0.0,0.0,1
13.129104767,110,180184.4344542264,14,2,0.0,0.0,1
13.229104767,111,180184.4344542264,14,2,0.0,0.0,1
13.329104767,112,180184.4344542264,14,2,0.0,0.0,1
13.429104767,113,180184.4344542264,14,2,0.0,0.0,1
13.529104767,114,180184.4344542264,14,2,0.0,0.0,1
13.629104767,115,180184.4344542264,14,2,0.0,0.0,1
13.729104767,116,180184.4344542264,14,2,0.0,0.0,1
13.829104767,117,180184.4344542264,14,2,0.0,0.0,1
13.929104767,118,180184.4344542264,14,2,0.0,0.0,1
14.029104767,119,180184.4344542264,14,2,0.0,0.0,1
14.129104767,120,180184.4344542264,14,2,0.0,0.0,1
14.229104767,121,180184.4344542264,14,2,0.0,0.0,1
14.329104767,122,180184.4344542264,14,2,0.0,0.0,1
14.429104767,123,180184.4344542264,14,2,0.0,0.0,1
14.529104767,124,180184.4344542264,14,2,0.0,0.0,1
14.629104767,125,180184.4344542264,14,2,0.0,0.0,1
14.729104767,126,180184.4344542264,14,2,0.0,0.0,1
14.829104767,127,180184.4344542264,14,2,0.0,0.0,1
14.929104767,128,180184.4344542264,14,2,0.0,0.0,1
15.029104767,129,180184.4344542264,14,2,0.0,0.0,1
15.129104767,130,180184.4344542264,14,2,0.0,0.0,1
15.229104767,131,180184.4344542264,14,2,0.0,0.0,1
15.329104767,132,180184.4344542264,14,2,0.0,0.0,1
15.429104767,133,180184.4344542264,14,2,0.0,0.0,1
15.529104767,134,180184.4344542264,14,2,0.0,0.0,1
15.629104767,135,180184.4344542264,14,2,0.0,0.0,1
15.729104767,136,180184.4344542264,14,2,0.0,0.0,1
15.829104767,137,180184.4344542264,14,2,0.0,0.0,1
15.929104767,138,180184.4344542264,14,2,0.0,0.0,1
16.029104767,139,180184.4344542264,14,2,0.0,0.0,1
16.129104767,140,180184.4344542264,14,2,0.0,0.0,1
16.229104767,141,180184.4344542264,14,2,0.0,0.0,1
16.329104767,142,180184.4344542264,14,2,0.0,0.0,1
16.429104767,143,180184.4344542264,14,2,0.0,0.0,1
16.529104767,144,180184.4344542264,14,2,0.0,0.0,1
16.629104767,145,180184.4344542264,14,2,0.0,0.0,1
16.729104767,146,180184.4344542264,14,2,0.0,0.0,1
16.829104767,147,180184.4344542264,14,2,0.0,0.0,1
16.929104767,148,180184.4344542264,14,2,0.0,0.0,1
17.029104767,149,180184.4344542264,14,2,0.0,0.0,1
17.129104767,150,180184.4344542264,14,2,0.0,0.0,1
17.229104767,151,180184.4344542264,14,2,0.0,0.0,1
17.329104767,152,180184.4344542264,14,2,0.0,0.0,1
17.429104767,153,180184.4344542264,14,2,0.0,0.0,1
17.529104767,154,180184.4344542264,14,2,0.0,0.0,1
17.629104767,155,180184.4344542264,14,2,0.0,0.0,1
17.729104767,156,180184.4344542264,14,2,0.0,0.0,1
17.829104767,157,180184.4344542264,14,2,0.0,0.0,1
17.929104767,158,180184.4344542264,14,2,0.0,0.0,1
18.029104767,159,180184.4344542264,14,2,0.0,0.0,1
18.129104767,160,180184.4344542264,14,2,0.0,0.0,1
18.229104767,161,180184.4344542264,14,2,0.0,0.0,1
18.329104767,162,180184.4344542264,14,2,0.0,0.0,1
18.429104767,163,180184.4344542264,14,2,0.0,0.0,1
18.529104767,164,180184.4344542264,14,2,0.0,0.0,1
18.629104767,165,180184.4344542264,14,2,0.0,0.0,1
18.729104767,166,180184.4344542264,14,2,0.0,0.0,1
18.829104767,167,180184.4344542264,14,2,0.0,0.0,1
18.929104767,168,180184.4344542264,14,2,0.0,0.0,1
19.029104767,169,180184.4344542264,14,2,0.0,0.0,1
19.129104767,170,180184.4344542264,14,2,0.0,0.0,1
19.229104767,171,180184.4344542264,14,2,0.0,0.0,1
19.329104767,172,180184.4344542264,14,2,0.0,0.0,1
19.429104767,173,180184.4344542264,14,2,0.0,0.0,1
19.529104767,174,180184.4344542264,14,2,0.0,0.0,1
19.629104767,175,180184.4344542264,14,2,0.0,0.0,1
19.729104767,176,180184.4344542264,14,2,0.0,0.0,1
19.829104767,177,180184.4344542264,14,2,0.0,0.0,1
19.929104767,178,180184.4344542264,14,2,0.0,0.0,1
20.029104767,179,180184.4344542264,14,2,0.0,0.0,1
20.129104767,180,180184.4344542264,14,2,0.0,0.0,1
20.229104767,181,180184.4344542264,14,2,0.0,0.0,1
20.329104767,182,180184.4344542264,14,2,0.0,0.0,1
20.429104767,183,180184.4344542264,14,2,0.0,0.0,1
20.529104767,184,180184.4344542264,14,2,0.0,0.0,1
20.629104767,185,180184.4344542264,14,2,0.0,0.0,1
20.729104767,186,180184.4344542264,14,2,0.0,0.0,1
20.829104767,187,180184.4344542264,14,2,0.0,0.0,1
20.929104767,188,180184.4344542264,14,2,0.0,0.0,1
21.029104767,189,180184.4344542264,14,2,0.0,0.0,1
21.129104767,190,180184.4344542264,14,2,0.0,0.0,1
21.229104767,191,180184.4344542264,14,2,0.0,0.0,1
21.329104767,192,180184.4344542264,14,2,0.0,0.0,1
21.429104767,193,180184.4344542264,14,2,0.0,0.0,1
21.529104767,194,180184.4344542264,14,2,0.0,0.0,1
21.629104767,195,180184.4344542264,14,2,0.0,0.0,1
21.729104767,196,180184.4344542264,14,2,0.0,0.0,1
21.829104767,197,180184.4344542264,14,2,0.0,0.0,1
21.929104767,198,180184.4344542264,14,2,0.0,0.0,1
22.029104767,199,180184.4344542264,14,2,0.0,0.0,1
22.129104767,200,180184.4344542264,14,2,0.0,0.0,1
22.229104767,201,180184.4344542264,14,2,0.0,0.0,1
22.329104767,202,180184.4344542264,14,2,0.0,0.0,1
22.429104767,203,180184.4344542264,14,2,0.0,0.0,1
22.529104767,204,180184.4344542264,14,2,0.0,0.0,1
22.629104767,205,180184.4344542264,14,2,0.0,0.0,1
22.729104767,206,180184.4344542264,14,2,0.0,0.0,1
22.829104767,207,180184.4344542264,14,2,0.0,0.0,1
22.929104767,208,180184.4344542264,14,2,0.0,0.0,1
23.029104767,209,180184.4344542264,14,2,0.0,0.0,1
23.129104767,210,180184.4344542264,14,2,0.0,0.0,1
23.229104767,211,180184.4344542264,14,2,0.0,0.0,1
23.329104767,212,180184.4344542264,14,2,0.0,0.0,1
23.429104767,213,180184.4344542264,14,2,0.0,0.0,1
23.529104767,214,180184.4344542264,14,2,0.0,0.0,1
23.629104767,215,180184.4344542264,14,2,0.0,0.0,1
23.729104767,216,180184.4344542264,14,2,0.0,0.0,1
23.829104767,217,180184.4344542264,14,2,0.0,0.0,1
23.929104767,218,180184.4344542264,14,2,0.0,0.0,1
24.029104767,219,180184.4344542264,14,2,0.0,0.0,1
24.129104767,220,180184.4344542264,14,2,0.0,0.0,1
24.229104767,221,180184.4344542264,14,2,0.0,0.0,1
24.329104767,222,180184.4344542264,14,2,0.0,0.0,1
24.429104767,223,180184.4344542264,14,2,0.0,0.0,1
24.529104767,224,180184.4344542264,14,2,0.0,0.0,1
24.629104767,225,180184.4344542264,14,2,0.0,0.0,1
24.729104767,226,180184.4344542264,14,2,0.0,0.0,1
24.829104767,227,180184.4344542264,14,2,0.0,0.0,1
24.929104767,228,180184.4344542264,14,2,0.0,0.0,1
25.029104767,229,180184.4344542264,14,2,0.0,0.0,1
25.129104767,230,180184.4344542264,14,2,0.0,0.0,1
25.229104767,231,180184.4344542264,14,2,0.0,0.0,1
25.329104767,232,180184.4344542264,14,2,0.0,0.0,1
25.429104767,233,180184.4344542264,14,2,0.0,0.0,1
25.529104767,234,180184.4344542264,14,2,0.0,0.0,1
25.629104767,235,180184.4344542264,14,2,0.0,0.0,1
25.729104767,236,180184.4344542264,14,2,0.0,0.0,1
25.829104767,237,180184.4344542264,14,2,0.0,0.0,1
25.929104767,238,180184.4344542264,14,2,0.0,0.0,1
26.029104767,239,180184.4344542264,14,2,0.0,0.0,1
26.129104767,240,180184.4344542264,14,2,0.0,0.0,1
26.229104767,241,180184.4344542264,14,2,0.0,0.0,1
26.329104767,242,180184.4344542264,14,2,0.0,0.0,1
26.429104767,243,180184.4344542264,14,2,0.0,0.0,1
26.529104767,244,180184.4344542264,14,2,0.0,0.0,1
26.629104767,245,180184.4344542264,14,2,0.0,0.0,1
26.729104767,246,180184.4344542264,14,2,0.0,0.0,1
26.829104767,247,180184.4344542264,14,2,0.0,0.0,1
26.929104767,248,180184.4344542264,14,2,0.0,0.0,1
27.029104767,249,180184.4344542264,14,2,0.0,0.0,1
27.129104767,250,180184.4344542264,14,2,0.0,0.0,1
27.229104767,251,180184.4344542264,14,2,0.0,0.0,1
27.329104767,252,180184.4344542264,14,2,0.0,0.0,1
27.429104767,253,180184.4344542264,14,2,0.0,0.0,1
27.529104767,254,180184.4344542264,14,2,0.0,0.0,1
27.629104767,255,180184.4344542264,14,2,0.0,0.0,1
27.729104767,256,180184.4344542264,14,2,0.0,0.0,1
27.829104767,257,180184.4344542264,14,2,0.0,0.0,1
27.929104767,258,180184.4344542264,14,2,0.0,0.0,1
28.029104767,259,180184.4344542264,14,2,0.0,0.0,1
28.129104767,260,180184.4344542264,14,2,0.0,0.0,1
28.229104767,261,180184.4344542264,14,2,0.0,0.0,1
28.329104767,262,180184.4344542264,14,2,0.0,0.0,1
28.429104767,263,180184.4344542264,14,2,0.0,0.0,1
28.529104767,264,180184.4344542264,14,2,0.0,0.0,1
28.629104767,265,180184.4344542264,14,2,0.0,0.0,1
28.729104767,266,180184.4344542264,14,2,0.0,0.0,1
28.829104767,267,180184.4344542264,14,2,0.0,0.0,1
28.929104767,268,180184.4344542264,14,2,0.0,0.0,1
29.029104767,269,180184.4344542264,14,2,0.0,0.0,1
29.129104767,270,180184.4344542264,14,2,0.0,0.0,1
29.229104767,271,180184.4344542264,14,2,0.0,0.0,1
29.329104767,272,180184.4344542264,14,2,0.0,0.0,1
29.429104767,273,180184.4344542264,14,2,0.0,0.0,1
29.529104767,274,180184.4344542264,14,2,0.0,0.0,1
29.629104767,275,180184.4344542264,14,2,0.0,0.0,1
29.729104767,276,180184.4344542264,14,2,0.0,0.0,1
29.829104767,277,180184.4344542264,14,2,0.0,0.0,1
29.929104767,278,180184.4344542264,14,2,0.0,0.0,1
30.029104767,279,180184.4344542264,14,2,0.0,0.0,1
30.129104767,280,180184.4344542264,14,2,0.0,0.0,1
30.229104767,281,180184.4344542264,14,2,0.0,0.0,1
30.329104767,282,180184.4344542264,14,2,0.0,0.0,1
30.429104767,283,180184.4344542264,14,2,0.0,0.0,1
30.529104767,284,180184.4344542264,14,2,0.0,0.0,1
30.629104767,285,180184.4344542264,14,2,0.0,0.0,1
30.729104767,286,180184.4344542264,14,2,0.0,0.0,1
30.829104767,287,180184.4344542264,14,2,0.0,0.0,1
30.929104767,288,180184.4344542264,14,2,0.0,0.0,1
31.029104767,289,180184.4344542264,14,2,0.0,0.0,1
31.129104767,290,180184.4344542264,14,2,0.0,0.0,1
31.229104767,291,180184.4344542264,14,2,0.0,0.0,1
31.329104767,292,180184.4344542264,14,2,0.0,0.0,1
31.429104767,293,180184.4344542264,14,2,0.0,0.0,1
31.529104767,294,180184.4344542264,14,2,0.0,0.0,1
31.629104767,295,180184.4344542264,14,2,0.0,0.0,1
31.729104767,296,180184.4344542264,14,2,0.0,0.0,1
31.829104767,297,180184.4344542264,14,2,0.0,0.0,1
31.929104767,298,180184.4344542264,14,2,0.0,0.0,1
32.029104767,299,180184.4344542264,14,2,0.0,0.0,1
32.129104767,300,180184.4344542264,14,2,0.0,0.0,1
32.229104767,301,180184.4344542264,14,2,0.0,0.0,1
32.329104767,302,180184.4344542264,14,2,0.0,0.0,1
32.429104767,303,180184.4344542264,14,2,0.0,0.0,1
32.529104767,304,180184.4344542264,14,2,0.0,0.0,1
32.629104767,305,180184.4344542264,14,2,0.0,0.0,1
32.729104767,306,180184.4344542264,14,2,0.0,0.0,1
32.829104767,307,180184.4344542264,14,2,0.0,0.0,1
32.929104767,308,180184.4344542264,14,2,0.0,0.0,1
33.029104767,309,180184.4344542264,14,2,0.0,0.0,1
33.129104767,310,180184.4344542264,14,2,0.0,0.0,1
33.229104767,311,180184.4344542264,14,2,0.0,0.0,1
33.329104767,312,180184.4344542264,14,2,0.0,0.0,1
33.429104767,313,180184.4344542264,14,2,0.0,0.0,1
33.529104767,314,180184.4344542264,14,2,0.0,0.0,1
33.629104767,315,180184.4344542264,14,2,0.0,0.0,1
33.729104767,316,180184.4344542264,14,2,0.0,0.0,1
33.829104767,317,180184.4344542264,14,2,0.0,0.0,1
33.929104767,318,180184.4344542264,14,2,0.0,0.0,1
34.029104767,319,180184.4344542264,14,2,0.0,0.0,1
34.129104767,320,180184.4344542264,14,2,0.0,0.0,1
34.229104767,321,180184.4344542264,14,2,0.0,0.0,1
34.329104767,322,180184.4344542264,14,2,0.0,0.0,1
34.429104767,323,180184.4344542264,14,2,0.0,0.0,1
34.529104767,324,180184.4344542264,14,2,0.0,0.0,1
34.629104767,325,180184.4344542264,14,2,0.0,0.0,1
34.729104767,326,180184.4344542264,14,2,0.0,0.0,1
34.829104767,327,180184.4344542264,14,2,0.0,0.0,1
34.929104767,328,180184.4344542264,14,2,0.0,0.0,1
35.029104767,329,180184.4344542264,14,2,0.0,0.0,1
35.129104767,330,180184.4344542264,14,2,0.0,0.0,1
35.229104767,331,180184.4344542264,14,2,0.0,0.0,1
35.329104767,332,180184.4344542264,14,2,0.0,0.0,1
35.429104767,333,180184.4344542264,14,2,0.0,0.0,1
35.529104767,334,180184.4344542264,14,2,0.0,0.0,1
35.629104767,335,180184.4344542264,14,2,0.0,0.0,1
35.729104767,336,180184.4344542264,14,2,0.0,0.0,1
35.829104767,337,180184.4344542264,14,2,0.0,0.0,1
35.929104767,338,180184.4344542264,14,2,0.0,0.0,1
36.029104767,339,180184.4344542264,14,2,0.0,0.0,1
36.129104767,340,180184.4344542264,14,2,0.0,0.0,1
36.229104767,341,180184.4344542264,14,2,0.0,0.0,1
36.329104767,342,180184.4344542264,14,2,0.0,0.0,1
36.429104767,343,180184.4344542264,14,2,0.0,0.0,1
36.529104767,344,180184.4344542264,14,2,0.0,0.0,1
36.629104767,345,180184.4344542264,14,2,0.0,0.0,1
36.729104767,346,180184.4344542264,14,2,0.0,0.0,1
36.829104767,347,180184.4344542264,14,2,0.0,0.0,1
36.929104767,348,180184.4344542264,14,2,0.0,0.0,1
37.029104767,349,180184.4344542264,14,2,0.0,0.0,1
37.129104767,350,180184.4344542264,14,2,0.0,0.0,1
37.229104767,351,180184.4344542264,14,2,0.0,0.0,1
37.329104767,352,180184.4344542264,14,2,0.0,0.0,1
37.429104767,353,180184.4344542264,14,2,0.0,0.0,1
37.529104767,354,180184.4344542264,14,2,0.0,0.0,1
37.629104767,355,180184.4344542264,14,2,0.0,0.0,1
37.729104767,356,180184.4344542264,14,2,0.0,0.0,1
37.829104767,357,180184.4344542264,14,2,0.0,0.0,1
37.929104767,358,180184.4344542264,14,2,0.0,0.0,1
38.029104767,359,180184.4344542264,14,2,0.0,0.0,1
38.129104767,360,180184.4344542264,14,2,0.0,0.0,1
38.229104767,361,180184.4344542264,14,2,0.0,0.0,1
38.329104767,362,180184.4344542264,14,2,0.0,0.0,1
38.429104767,363,180184.4344542264,14,2,0.0,0.0,1
38.529104767,364,180184.4344542264,14,2,0.0,0.0,1
38.629104767,365,180184.4344542264,14,2,0.0,0.0,1
38.729104767,366,180184.4344542264,14,2,0.0,0.0,1
38.829104767,367,180184.4344542264,14,2,0.0,0.0,1
38.929104767,368,180184.4344542264,14,2,0.0,0.0,1
39.029104767,369,180184.4344542264,14,2,0.0,0.0,1
39.129104767,370,180184.4344542264,14,2,0.0,0.0,1
39.229104767,371,180184.4344542264,14,2,0.0,0.0,1
39.329104767,372,180184.4344542264,14,2,0.0,0.0,1
39.429104767,373,180184.4344542264,14,2,0.0,0.0,1
39.529104767,374,180184.4344542264,14,2,0.0,0.0,1
39.629104767,375,180184.4344542264,14,2,0.0,0.0,1
39.729104767,376,180184.4344542264,14,2,0.0,0.0,1
39.829104767,377,180184.4344542264,14,2,0.0,0.0,1
39.929104767,378,180184.4344542264,14,2,0.0,0.0,1
40.029104767,379,180184.4344542264,14,2,0.0,0.0,1
40.129104767,380,180184.4344542264,14,2,0.0,0.0,1
40.229104767,381,180184.4344542264,14,2,0.0,0.0,1
40.329104767,382,180184.4344542264,14,2,0.0,0.0,1
40.429104767,383,180184.4344542264,14,2,0.0,0.0,1
40.529104767,384,180184.4344542264,14,2,0.0,0.0,1
40.629104767,385,180184.4344542264,14,2,0.0,0.0,1
40.729104767,386,180184.4344542264,14,2,0.0,0.0,1
40.829104767,387,180184.4344542264,14,2,0.0,0.0,1
40.929104767,388,180184.4344542264,14,2,0.0,0.0,1
41.029104767,389,180184.4344542264,14,2,0.0,0.0,1
41.129104767,390,180184.4344542264,14,2,0.0,0.0,1
41.229104767,391,180184.4344542264,14,2,0.0,0.0,1
41.329104767,392,180184.4344542264,14,2,0.0,0.0,1
41.429104767,393,180184.4344542264,14,2,0.0,0.0,1
41.529104767,394,180184.4344542264,14,2,0.0,0.0,1
41.629104767,395,180184.4344542264,14,2,0.0,0.0,1
41.729104767,396,180184.4344542264,14,2,0.0,0.0,1
41.829104767,397,180184.4344542264,14,2,0.0,0.0,1
41.929104767,398,180184.4344542264,14,2,0.0,0.0,1
42.029104767,399,180184.4344542264,14,2,0.0,0.0,1
42.129104767,400,180184.4344542264,14,2,0.0,0.0,1
42.229104767,401,180184.4344542264,14,2,0.0,0.0,1
42.329104767,402,180184.4344542264,14,2,0.0,0.0,1
42.429104767,403,180184.4344542264,14,2,0.0,0.0,1
42.529104767,404,180184.4344542264,14,2,0.0,0.0,1
42.629104767,405,180184.4344542264,14,2,0.0,0.0,1
42.729104767,406,180184.4344542264,14,2,0.0,0.0,1
42.829104767,407,180184.4344542264,14,2,0.0,0.0,1
42.929104767,408,180184.4344542264,14,2,0.0,0.0,1
43.029104767,409,180184.4344542264,14,2,0.0,0.0,1
43.129104767,410,180184.4344542264,14,2,0.0,0.0,1
43.229104767,411,180184.4344542264,14,2,0.0,0.0,1
43.329104767,412,180184.4344542264,14,2,0.0,0.0,1
43.429104767,413,180184.4344542264,14,2,0.0,0.0,1
43.529104767,414,180184.4344542264,14,2,0.0,0.0,1
43.629104767,415,180184.4344542264,14,2,0.0,0.0,1
43.729104767,416,180184.4344542264,14,2,0.0,0.0,1
43.829104767,417,180184.4344542264,14,2,0.0,0.0,1
43.929104767,418,180184.4344542264,14,2,0.0,0.0,1
44.029104767,419,180184.4344542264,14,2,0.0,0.0,1
44.129104767,420,180184.4344542264,14,2,0.0,0.0,1
44.229104767,421,180184.4344542264,14,2,0.0,0.0,1
44.329104767,422,180184.4344542264,14,2,0.0,0.0,1
44.429104767,423,180184.4344542264,14,2,0.0,0.0,1
44.529104767,424,180184.4344542264,14,2,0.0,0.0,1
44.629104767,425,180184.4344542264,14,2,0.0,0.0,1
44.729104767,426,180184.4344542264,14,2,0.0,0.0,1
44.829104767,427,180184.4344542264,14,2,0.0,0.0,1
44.929104767,428,180184.4344542264,14,2,0.0,0.0,1
45.029104767,429,180184.4344542264,14,2,0.0,0.0,1
45.129104767,430,180184.4344542264,14,2,0.0,0.0,1
45.229104767,431,180184.4344542264,14,2,0.0,0.0,1
45.329104767,432,180184.4344542264,14,2,0.0,0.0,1
45.429104767,433,180184.4344542264,14,2,0.0,0.0,1
45.529104767,434,180184.4344542264,14,2,0.0,0.0,1
45.629104767,435,180184.4344542264,14,2,0.0,0.0,1
45.729104767,436,180184.4344542264,14,2,0.0,0.0,1
45.829104767,437,180184.4344542264,14,2,0.0,0.0,1
45.929104767,438,180184.4344542264,14,2,0.0,0.0,1
46.029104767,439,180184.4344542264,14,2,0.0,0.0,1
46.129104767,440,180184.4344542264,14,2,0.0,0.0,1
46.229104767,441,180184.4344542264,14,2,0.0,0.0,1
46.329104767,442,180184.4344542264,14,2,0.0,0.0,1
46.429104767,443,180184.4344542264,14,2,0.0,0.0,1
46.529104767,444,180184.4344542264,14,2,0.0,0.0,1
46.629104767,445,180184.4344542264,14,2,0.0,0.0,1
46.729104767,446,180184.4344542264,14,2,0.0,0.0,1
46.829104767,447,180184.4344542264,14,2,0.0,0.0,1
46.929104767,448,180184.4344542264,14,2,0.0,0.0,1
47.029104767,449,180184.4344542264,14,2,0.0,0.0,1
47.129104767,450,180184.4344542264,14,2,0.0,0.0,1
47.229104767,451,180184.4344542264,14,2,0.0,0.0,1
47.329104767,452,180184.4344542264,14,2,0.0,0.0,1
47.429104767,453,180184.4344542264,14,2,0.0,0.0,1
47.529104767,454,180184.4344542264,14,2,0.0,0.0,1
47.629104767,455,180184.4344542264,14,2,0.0,0.0,1
47.729104767,456,180184.4344542264,14,2,0.0,0.0,1
47.829104767,457,180184.4344542264,14,2,0.0,0.0,1
47.929104767,458,180184.4344542264,14,2,0.0,0.0,1
48.029104767,459,180184.4344542264,14,2,0.0,0.0,1
48.129104767,460,180184.4344542264,14,2,0.0,0.0,1
48.229104767,461,180184.4344542264,14,2,0.0,0.0,1
48.329104767,462,180184.4344542264,14,2,0.0,0.0,1
48.429104767,463,180184.4344542264,14,2,0.0,0.0,1
48.529104767,464,180184.4344542264,14,2,0.0,0.0,1
48.629104767,465,180184.4344542264,14,2,0.0,0.0,1
48.729104767,466,180184.4344542264,14,2,0.0,0.0,1
48.829104767,467,180184.4344542264,14,2,0.0,0.0,1
48.929104767,468,180184.4344542264,14,2,0.0,0.0,1
49.029104767,469,180184.4344542264,14,2,0.0,0.0,1
49.129104767,470,180184.4344542264,14,2,0.0,0.0,1
49.229104767,471,180184.4344542264,14,2,0.0,0.0,1
49.329104767,472,180184.4344542264,14,2,0.0,0.0,1
49.429104767,473,180184.4344542264,14,2,0.0,0.0,1
49.529104767,474,180184.4344542264,14,2,0.0,0.0,1
49.629104767,475,180184.4344542264,14,2,0.0,0.0,1
49.729104767,476,180184.4344542264,14,2,0.0,0.0,1
49.829104767,477,180184.4344542264,14,2,0.0,0.0,1
49.929104767,478,180184.4344542264,14,2,0.0,0.0,1
50.029104767,479,180184.4344542264,14,2,0.0,0.0,1
50.129104767,480,180184.4344542264,14,2,0.0,0.0,1
50.229104767,481,180184.4344542264,14,2,0.0,0.0,1
50.329104767,482,180184.4344542264,14,2,0.0,0.0,1
50.429104767,483,180184.4344542264,14,2,0.0,0.0,1
50.529104767,484,180184.4344542264,14,2,0.0,0.0,1
50.629104767,485,180184.4344542264,14,2,0.0,0.0,1
50.729104767,486,180184.4344542264,14,2,0.0,0.0,1
50.829104767,487,180184.4344542264,14,2,0.0,0.0,1
50.929104767,488,180184.4344542264,14,2,0.0,0.0,1
51.029104767,489,180184.4344542264,14,2,0.0,0.0,1
51.129104767,490,180184.4344542264,14,2,0.0,0.0,1
51.229104767,491,180184.4344542264,14,2,0.0,0.0,1
51.329104767,492,180184.4344542264,14,2,0.0,0.0,1
51.429104767,493,180184.4344542264,14,2,0.0,0.0,1
51.529104767,494,180184.4344542264,14,2,0.0,0.0,1
51.629104767,495,180184.4344542264,14,2,0.0,0.0,1
51.729104767,496,180184.4344542264,14,2,0.0,0.0,1
51.829104767,497,180184.4344542264,14,2,0.0,0.0,1
51.929104767,498,180184.4344542264,14,2,0.0,0.0,1
52.029104767,499,180184.4344542264,14,2,0.0,0.0,1
52.129104767,500,180184.4344542264,14,2,0.0,0.0,1
52.229104767,501,180184.4344542264,14,2,0.0,0.0,1
52.329104767,502,180184.4344542264,14,2,0.0,0.0,1
52.429104767,503,180184.4344542264,14,2,0.0,0.0,1
52.529104767,504,180184.4344542264,14,2,0.0,0.0,1
52.629104767,505,180184.4344542264,14,2,0.0,0.0,1
52.729104767,506,180184.4344542264,14,2,0.0,0.0,1
52.829104767,507,180184.4344542264,14,2,0.0,0.0,1
52.929104767,508,180184.4344542264,14,2,0.0,0.0,1
53.029104767,509,180184.4344542264,14,2,0.0,0.0,1
53.129104767,510,180184.4344542264,14,2,0.0,0.0,1
53.229104767,511,180184.4344542264,14,2,0.0,0.0,1
53.329104767,512,180184.4344542264,14,2,0.0,0.0,1
53.429104767,513,180184.4344542264,14,2,0.0,0.0,1
53.529104767,514,180184.4344542264,14,2,0.0,0.0,1
53.629104767,515,180184.4344542264,14,2,0.0,0.0,1
53.729104767,516,180184.4344542264,14,2,0.0,0.0,1
53.829104767,517,180184.4344542264,14,2,0.0,0.0,1
53.929104767,518,180184.4344542264,14,2,0.0,0.0,1
54.029104767,519,180184.4344542264,14,2,0.0,0.0,1
54.129104767,520,180184.4344542264,14,2,0.0,0.0,1
54.229104767,521,180184.4344542264,14,2,0.0,0.0,1
54.329104767,522,180184.4344542264,14,2,0.0,0.0,1
54.429104767,523,180184.4344542264,14,2,0.0,0.0,1
54.529104767,524,180184.4344542264,14,2,0.0,0.0,1
54.629104767,525,180184.4344542264,14,2,0.0,0.0,1
54.729104767,526,180184.4344542264,14,2,0.0,0.0,1
54.829104767,527,180184.4344542264,14,2,0.0,0.0,1
54.929104767,528,180184.4344542264,14,2,0.0,0.0,1
55.029104767,529,180184.4344542264,14,2,0.0,0.0,1
55.129104767,530,180184.4344542264,14,2,0.0,0.0,1
55.229104767,531,180184.4344542264,14,2,0.0,0.0,1
55.329104767,532,180184.4344542264,14,2,0.0,0.0,1
55.429104767,533,180184.4344542264,14,2,0.0,0.0,1
55.529104767,534,180184.4344542264,14,2,0.0,0.0,1
55.629104767,535,180184.4344542264,14,2,0.0,0.0,1
55.729104767,536,180184.4344542264,14,2,0.0,0.0,1
55.829104767,537,180184.4344542264,14,2,0.0,0.0,1
55.929104767,538,180184.4344542264,14,2,0.0,0.0,1
56.029104767,539,180184.4344542264,14,2,0.0,0.0,1
56.129104767,540,180184.4344542264,14,2,0.0,0.0,1
56.229104767,541,180184.4344542264,14,2,0.0,0.0,1
56.329104767,542,180184.4344542264,14,2,0.0,0.0,1
56.429104767,543,180184.4344542264,14,2,0.0,0.0,1
56.529104767,544,180184.4344542264,14,2,0.0,0.0,1
56.629104767,545,180184.4344542264,14,2,0.0,0.0,1
56.729104767,546,180184.4344542264,14,2,0.0,0.0,1
56.829104767,547,180184.4344542264,14,2,0.0,0.0,1
56.929104767,548,180184.4344542264,14,2,0.0,0.0,1
57.029104767,549,180184.4344542264,14,2,0.0,0.0,1
57.129104767,550,180184.4344542264,14,2,0.0,0.0,1
57.229104767,551,180184.4344542264,14,2,0.0,0.0,1
57.329104767,552,180184.4344542264,14,2,0.0,0.0,1
57.429104767,553,180184.4344542264,14,2,0.0,0.0,1
57.529104767,554,180184.4344542264,14,2,0.0,0.0,1
57.629104767,555,180184.4344542264,14,2,0.0,0.0,1
57.729104767,556,180184.4344542264,14,2,0.0,0.0,1
57.829104767,557,180184.4344542264,14,2,0.0,0.0,1
57.929104767,558,180184.4344542264,14,2,0.0,0.0,1
58.029104767,559,180184.4344542264,14,2,0.0,0.0,1
58.129104767,560,180184.4344542264,14,2,0.0,0.0,1
58.229104767,561,180184.4344542264,14,2,0.0,0.0,1
58.329104767,562,180184.4344542264,14,2,0.0,0.0,1
58.429104767,563,180184.4344542264,14,2,0.0,0.0,1
58.529104767,564,180184.4344542264,14,2,0.0,0.0,1
58.629104767,565,180184.4344542264,14,2,0.0,0.0,1
58.729104767,566,180184.4344542264,14,2,0.0,0.0,1
58.829104767,567,180184.4344542264,14,2,0.0,0.0,1
58.929104767,568,180184.4344542264,14,2,0.0,0.0,1
59.029104767,569,180184.4344542264,14,2,0.0,0.0,1
59.129104767,570,180184.4344542264,14,2,0.0,0.0,1
59.229104767,571,180184.4344542264,14,2,0.0,0.0,1
59.329104767,572,180184.4344542264,14,2,0.0,0.0,1
59.429104767,573,180184.4344542264,14,2,0.0,0.0,1
59.529104767,574,180184.4344542264,14,2,0.0,0.0,1
59.629104767,575,180184.4344542264,14,2,0.0,0.0,1
59.729104767,576,180184.4344542264,14,2,0.0,0.0,1
59.829104767,577,180184.4344542264,14,2,0.0,0.0,1
59.929104767,578,180184.4344542264,14,2,0.0,0.0,1
60.029104767,579,180184.4344542264,14,2,0.0,0.0,1
60.129104767,580,180184.4344542264,14,2,0.0,0.0,1
60.229104767,581,180184.4344542264,14,2,0.0,0.0,1
60.329104767,582,180184.4344542264,14,2,0.0,0.0,1
60.429104767,583,180184.4344542264,14,2,0.0,0.0,1
60.529104767,584,180184.4344542264,14,2,0.0,0.0,1
60.629104767,585,180184.4344542264,14,2,0.0,0.0,1
60.729104767,586,180184.4344542264,14,2,0.0,0.0,1
60.829104767,587,180184.4344542264,14,2,0.0,0.0,1
60.929104767,588,180184.4344542264,14,2,0.0,0.0,1
61.029104767,589,180184.4344542264,14,2,0.0,0.0,1
61.129104767,590,180184.4344542264,14,2,0.0,0.0,1
61.229104767,591,180184.4344542264,14,2,0.0,0.0,1
61.329104767,592,180184.4344542264,14,2,0.0,0.0,1
61.429104767,593,180184.4344542264,14,2,0.0,0.0,1
61.529104767,594,180184.4344542264,14,2,0.0,0.0,1
61.629104767,595,180184.4344542264,14,2,0.0,0.0,1
61.729104767,596,180184.4344542264,14,2,0.0,0.0,1
61.829104767,597,180184.4344542264,14,2,0.0,0.0,1
61.929104767,598,180184.4344542264,14,2,0.0,0.0,1
62.029104767,599,180184.4344542264,14,2,0.0,0.0,1
62.129104767,600,180184.4344542264,14,2,0.0,0.0,1
62.229104767,601,180184.4344542264,14,2,0.0,0.0,1
62.329104767,602,180184.4344542264,14,2,0.0,0.0,1
62.429104767,603,180184.4344542264,14,2,0.0,0.0,1
62.529104767,604,180184.4344542264,14,2,0.0,0.0,1
62.629104767,605,180184.4344542264,14,2,0.0,0.0,1
62.729104767,606,180184.4344542264,14,2,0.0,0.0,1
62.829104767,607,180184.4344542264,14,2,0.0,0.0,1
62.929104767,608,180184.4344542264,14,2,0.0,0.0,1
63.029104767,609,180184.4344542264,14,2,0.0,0.0,1
63.129104767,610,180184.4344542264,14,2,0.0,0.0,1
63.229104767,611,180184.4344542264,14,2,0.0,0.0,1
63.329104767,612,180184.4344542264,14,2,0.0,0.0,1
63.429104767,613,180184.4344542264,14,2,0.0,0.0,1
63.529104767,614,180184.4344542264,14,2,0.0,0.0,1
63.629104767,615,180184.4344542264,14,2,0.0,0.0,1
63.729104767,616,180184.4344542264,14,2,0.0,0.0,1
63.829104767,617,180184.4344542264,14,2,0.0,0.0,1
63.929104767,618,180184.4344542264,14,2,0.0,0.0,1
64.029104767,619,180184.4344542264,14,2,0.0,0.0,1
64.129104767,620,180184.4344542264,14,2,0.0,0.0,1
64.229104767,621,180184.4344542264,14,2,0.0,0.0,1
64.329104767,622,180184.4344542264,14,2,0.0,0.0,1
64.429104767,623,180184.4344542264,14,2,0.0,0.0,1
64.529104767,624,180184.4344542264,14,2,0.0,0.0,1
64.629104767,625,180184.4344542264,14,2,0.0,0.0,1
64.729104767,626,180184.4344542264,14,2,0.0,0.0,1
64.829104767,627,180184.4344542264,14,2,0.0,0.0,1
64.929104767,628,180184.4344542264,14,2,0.0,0.0,1
65.029104767,629,180184.4344542264,14,2,0.0,0.0,1
65.129104767,630,180184.4344542264,14,2,0.0,0.0,1
65.229104767,631,180184.4344542264,14,2,0.0,0.0,1
65.329104767,632,180184.4344542264,14,2,0.0,0.0,1
65.429104767,633,180184.4344542264,14,2,0.0,0.0,1
65.529104767,634,180184.4344542264,14,2,0.0,0.0,1
65.629104767,635,180184.4344542264,14,2,0.0,0.0,1
65.729104767,636,180184.4344542264,14,2,0.0,0.0,1
65.829104767,637,180184.4344542264,14,2,0.0,0.0,1
65.929104767,638,180184.4344542264,14,2,0.0,0.0,1
66.029104767,639,180184.4344542264,14,2,0.0,0.0,1
66.129104767,640,180184.4344542264,14,2,0.0,0.0,1
66.229104767,641,180184.4344542264,14,2,0.0,0.0,1
66.329104767,642,180184.4344542264,14,2,0.0,0.0,1
66.429104767,643,180184.4344542264,14,2,0.0,0.0,1
66.529104767,644,180184.4344542264,14,2,0.0,0.0,1
66.629104767,645,180184.4344542264,14,2,0.0,0.0,1
66.729104767,646,180184.4344542264,14,2,0.0,0.0,1
66.829104767,647,180184.4344542264,14,2,0.0,0.0,1
66.929104767,648,180184.4344542264,14,2,0.0,0.0,1
67.029104767,649,180184.4344542264,14,2,0.0,0.0,1
67.129104767,650,180184.4344542264,14,2,0.0,0.0,1
67.229104767,651,180184.4344542264,14,2,0.0,0.0,1
67.329104767,652,180184.4344542264,14,2,0.0,0.0,1
67.429104767,653,180184.4344542264,14,2,0.0,0.0,1
67.529104767,654,180184.4344542264,14,2,0.0,0.0,1
67.629104767,655,180184.4344542264,14,2,0.0,0.0,1
67.729104767,656,180184.4344542264,14,2,0.0,0.0,1
67.829104767,657,180184.4344542264,14,2,0.0,0.0,1
67.929104767,658,180184.4344542264,14,2,0.0,0.0,1
68.029104767,659,180184.4344542264,14,2,0.0,0.0,1
68.129104767,660,180184.4344542264,14,2,0.0,0.0,1
68.229104767,661,180184.4344542264,14,2,0.0,0.0,1
68.329104767,662,180184.4344542264,14,2,0.0,0.0,1
68.429104767,663,180184.4344542264,14,2,0.0,0.0,1
68.529104767,664,180184.4344542264,14,2,0.0,0.0,1
68.629104767,665,180184.4344542264,14,2,0.0,0.0,1
68.729104767,666,180184.4344542264,14,2,0.0,0.0,1
68.829104767,667,180184.4344542264,14,2,0.0,0.0,1
68.929104767,668,180184.4344542264,14,2,0.0,0.0,1
69.029104767,669,180184.4344542264,14,2,0.0,0.0,1
69.129104767,670,180184.4344542264,14,2,0.0,0.0,1
69.229104767,671,180184.4344542264,14,2,0.0,0.0,1
69.329104767,672,180184.4344542264,14,2,0.0,0.0,1
69.429104767,673,180184.4344542264,14,2,0.0,0.0,1
69.529104767,674,180184.4344542264,14,2,0.0,0.0,1
69.629104767,675,180184.4344542264,14,2,0.0,0.0,1
69.729104767,676,180184.4344542264,14,2,0.0,0.0,1
69.829104767,677,180184.4344542264,14,2,0.0,0.0,1
69.929104767,678,180184.4344542264,14,2,0.0,0.0,1
70.029104767,679,180184.4344542264,14,2,0.0,0.0,1
70.129104767,680,180184.4344542264,14,2,0.0,0.0,1
70.229104767,681,180184.4344542264,14,2,0.0,0.0,1
70.329104767,682,180184.4344542264,14,2,0.0,0.0,1
70.429104767,683,180184.4344542264,14,2,0.0,0.0,1
70.529104767,684,180184.4344542264,14,2,0.0,0.0,1
70.629104767,685,180184.4344542264,14,2,0.0,0.0,1
70.729104767,686,180184.4344542264,14,2,0.0,0.0,1
70.829104767,687,180184.4344542264,14,2,0.0,0.0,1
70.929104767,688,180184.4344542264,14,2,0.0,0.0,1
71.029104767,689,180184.4344542264,14,2,0.0,0.0,1
71.129104767,690,180184.4344542264,14,2,0.0,0.0,1
71.229104767,691,180184.4344542264,14,2,0.0,0.0,1
71.329104767,692,180184.4344542264,14,2,0.0,0.0,1
71.429104767,693,180184.4344542264,14,2,0.0,0.0,1
71.529104767,694,180184.4344542264,14,2,0.0,0.0,1
71.629104767,695,180184.4344542264,14,2,0.0,0.0,1
71.729104767,696,180184.4344542264,14,2,0.0,0.0,1
71.829104767,697,180184.4344542264,14,2,0.0,0.0,1
71.929104767,698,180184.4344542264,14,2,0.0,0.0,1
72.029104767,699,180184.4344542264,14,2,0.0,0.0,1
72.129104767,700,180184.4344542264,14,2,0.0,0.0,1
72.229104767,701,180184.4344542264,14,2,0.0,0.0,1
72.329104767,702,180184.4344542264,14,2,0.0,0.0,1
72.429104767,703,180184.4344542264,14,2,0.0,0.0,1
72.529104767,704,180184.4344542264,14,2,0.0,0.0,1
72.629104767,705,180184.4344542264,14,2,0.0,0.0,1
72.729104767,706,180184.4344542264,14,2,0.0,0.0,1
72.829104767,707,180184.4344542264,14,2,0.0,0.0,1
72.929104767,708,180184.4344542264,14,2,0.0,0.0,1
73.029104767,709,180184.4344542264,14,2,0.0,0.0,1
73.129104767,710,180184.4344542264,14,2,0.0,0.0,1
73.229104767,711,180184.4344542264,14,2,0.0,0.0,1
73.329104767,712,180184.4344542264,14,2,0.0,0.0,1
73.429104767,713,180184.4344542264,14,2,0.0,0.0,1
73.529104767,714,180184.4344542264,14,2,0.0,0.0,1
73.629104767,715,180184.4344542264,14,2,0.0,0.0,1
73.729104767,716,180184.4344542264,14,2,0.0,0.0,1
73.829104767,717,180184.4344542264,14,2,0.0,0.0,1
73.929104767,718,180184.4344542264,14,2,0.0,0.0,1
74.029104767,719,180184.4344542264,14,2,0.0,0.0,1
74.129104767,720,180184.4344542264,14,2,0.0,0.0,1
74.229104767,721,180184.4344542264,14,2,0.0,0.0,1
74.329104767,722,180184.4344542264,14,2,0.0,0.0,1
74.429104767,723,180184.4344542264,14,2,0.0,0.0,1
74.529104767,724,180184.4344542264,14,2,0.0,0.0,1
74.629104767,725,180184.4344542264,14,2,0.0,0.0,1
74.729104767,726,180184.4344542264,14,2,0.0,0.0,1
74.829104767,727,180184.4344542264,14,2,0.0,0.0,1
74.929104767,728,180184.4344542264,14,2,0.0,0.0,1
75.029104767,729,180184.4344542264,14,2,0.0,0.0,1
75.129104767,730,180184.4344542264,14,2,0.0,0.0,1
75.229104767,731,180184.4344542264,14,2,0.0,0.0,1
75.329104767,732,180184.4344542264,14,2,0.0,0.0,1
75.429104767,733,180184.4344542264,14,2,0.0,0.0,1
75.529104767,734,180184.4344542264,14,2,0.0,0.0,1
75.629104767,735,180184.4344542264,14,2,0.0,0.0,1
75.729104767,736,180184.4344542264,14,2,0.0,0.0,1
75.829104767,737,180184.4344542264,14,2,0.0,0.0,1
75.929104767,738,180184.4344542264,14,2,0.0,0.0,1
76.029104767,739,180184.4344542264,14,2,0.0,0.0,1
76.129104767,740,180184.4344542264,14,2,0.0,0.0,1
76.229104767,741,180184.4344542264,14,2,0.0,0.0,1
76.329104767,742,180184.4344542264,14,2,0.0,0.0,1
76.429104767,743,180184.4344542264,14,2,0.0,0.0,1
76.529104767,744,180184.4344542264,14,2,0.0,0.0,1
76.629104767,745,180184.4344542264,14,2,0.0,0.0,1
76.729104767,746,180184.4344542264,14,2,0.0,0.0,1
76.829104767,747,180184.4344542264,14,2,0.0,0.0,1
76.929104767,748,180184.4344542264,14,2,0.0,0.0,1
77.029104767,749,180184.4344542264,14,2,0.0,0.0,1
77.129104767,750,180184.4344542264,14,2,0.0,0.0,1
77.229104767,751,180184.4344542264,14,2,0.0,0.0,1
77.329104767,752,180184.4344542264,14,2,0.0,0.0,1
77.429104767,753,180184.4344542264,14,2,0.0,0.0,1
77.529104767,754,180184.4344542264,14,2,0.0,0.0,1
77.629104767,755,180184.4344542264,14,2,0.0,0.0,1
77.729104767,756,180184.4344542264,14,2,0.0,0.0,1
77.829104767,757,180184.4344542264,14,2,0.0,0.0,1
77.929104767,758,180184.4344542264,14,2,0.0,0.0,1
78.029104767,759,180184.4344542264,14,2,0.0,0.0,1
78.129104767,760,180184.4344542264,14,2,0.0,0.0,1
78.229104767,761,180184.4344542264,14,2,0.0,0.0,1
78.329104767,762,180184.4344542264,14,2,0.0,0.0,1
78.429104767,763,180184.4344542264,14,2,0.0,0.0,1
78.529104767,764,180184.4344542264,14,2,0.0,0.0,1
78.629104767,765,180184.4344542264,14,2,0.0,0.0,1
78.729104767,766,180184.4344542264,14,2,0.0,0.0,1
78.829104767,767,180184.4344542264,14,2,0.0,0.0,1
78.929104767,768,180184.4344542264,14,2,0.0,0.0,1
79.029104767,769,180184.4344542264,14,2,0.0,0.0,1
79.129104767,770,180184.4344542264,14,2,0.0,0.0,1
79.229104767,771,180184.4344542264,14,2,0.0,0.0,1
79.329104767,772,180184.4344542264,14,2,0.0,0.0,1
79.429104767,773,180184.4344542264,14,2,0.0,0.0,1
79.529104767,774,180184.4344542264,14,2,0.0,0.0,1
79.629104767,775,180184.4344542264,14,2,0.0,0.0,1
79.729104767,776,180184.4344542264,14,2,0.0,0.0,1
79.829104767,777,180184.4344542264,14,2,0.0,0.0,1
79.929104767,778,180184.4344542264,14,2,0.0,0.0,1
80.029104767,779,180184.4344542264,14,2,0.0,0.0,1
80.129104767,780,180184.4344542264,14,2,0.0,0.0,1
80.229104767,781,180184.4344542264,14,2,0.0,0.0,1
80.329104767,782,180184.4344542264,14,2,0.0,0.0,1
80.429104767,783,180184.4344542264,14,2,0.0,0.0,1
80.529104767,784,180184.4344542264,14,2,0.0,0.0,1
80.629104767,785,180184.4344542264,14,2,0.0,0.0,1
80.729104767,786,180184.4344542264,14,2,0.0,0.0,1
80.829104767,787,180184.4344542264,14,2,0.0,0.0,1
80.929104767,788,180184.4344542264,14,2,0.0,0.0,1
81.029104767,789,180184.4344542264,14,2,0.0,0.0,1
81.129104767,790,180184.4344542264,14,2,0.0,0.0,1
81.229104767,791,180184.4344542264,14,2,0.0,0.0,1
81.329104767,792,180184.4344542264,14,2,0.0,0.0,1
81.429104767,793,180184.4344542264,14,2,0.0,0.0,1
81.529104767,794,180184.4344542264,14,2,0.0,0.0,1
81.629104767,795,180184.4344542264,14,2,0.0,0.0,1
81.729104767,796,180184.4344542264,14,2,0.0,0.0,1
81.829104767,797,180184.4344542264,14,2,0.0,0.0,1
81.929104767,798,180184.4344542264,14,2,0.0,0.0,1
82.029104767,799,180184.4344542264,14,2,0.0,0.0,1
82.129104767,800,180184.4344542264,14,2,0.0,0.0,1
82.229104767,801,180184.4344542264,14,2,0.0,0.0,1
82.329104767,802,180184.4344542264,14,2,0.0,0.0,1
82.429104767,803,180184.4344542264,14,2,0.0,0.0,1
82.529104767,804,180184.4344542264,14,2,0.0,0.0,1
82.629104767,805,180184.4344542264,14,2,0.0,0.0,1
82.729104767,806,180184.4344542264,14,2,0.0,0.0,1
82.829104767,807,180184.4344542264,14,2,0.0,0.0,1
82.929104767,808,180184.4344542264,14,2,0.0,0.0,1
83.029104767,809,180184.4344542264,14,2,0.0,0.0,1
83.129104767,810,180184.4344542264,14,2,0.0,0.0,1
83.229104767,811,180184.4344542264,14,2,0.0,0.0,1
83.329104767,812,180184.4344542264,14,2,0.0,0.0,1
83.429104767,813,180184.4344542264,14,2,0.0,0.0,1
83.529104767,814,180184.4344542264,14,2,0.0,0.0,1
83.629104767,815,180184.4344542264,14,2,0.0,0.0,1
83.729104767,816,180184.4344542264,14,2,0.0,0.0,1
83.829104767,817,180184.4344542264,14,2,0.0,0.0,1
83.929104767,818,180184.4344542264,14,2,0.0,0.0,1
84.029104767,819,180184.4344542264,14,2,0.0,0.0,1
84.129104767,820,180184.4344542264,14,2,0.0,0.0,1
84.229104767,821,180184.4344542264,14,2,0.0,0.0,1
84.329104767,822,180184.4344542264,14,2,0.0,0.0,1
84.429104767,823,180184.4344542264,14,2,0.0,0.0,1
84.529104767,824,180184.4344542264,14,2,0.0,0.0,1
84.629104767,825,180184.4344542264,14,2,0.0,0.0,1
84.729104767,826,180184.4344542264,14,2,0.0,0.0,1
84.829104767,827,180184.4344542264,14,2,0.0,0.0,1
84.929104767,828,180184.4344542264,14,2,0.0,0.0,1
85.029104767,829,180184.4344542264,14,2,0.0,0.0,1
85.129104767,830,180184.4344542264,14,2,0.0,0.0,1
85.229104767,831,180184.4344542264,14,2,0.0,0.0,1
85.329104767,832,180184.4344542264,14,2,0.0,0.0,1
85.429104767,833,180184.4344542264,14,2,0.0,0.0,1
85.529104767,834,180184.4344542264,14,2,0.0,0.0,1
85.629104767,835,180184.4344542264,14,2,0.0,0.0,1
85.729104767,836,180184.4344542264,14,2,0.0,0.0,1
85.829104767,837,180184.4344542264,14,2,0.0,0.0,1
85.929104767,838,180184.4344542264,14,2,0.0,0.0,1
86.029104767,839,180184.4344542264,14,2,0.0,0.0,1
86.129104767,840,180184.4344542264,14,2,0.0,0.0,1
86.229104767,841,180184.4344542264,14,2,0.0,0.0,1
86.329104767,842,180184.4344542264,14,2,0.0,0.0,1
86.429104767,843,180184.4344542264,14,2,0.0,0.0,1
86.529104767,844,180184.4344542264,14,2,0.0,0.0,1
86.629104767,845,180184.4344542264,14,2,0.0,0.0,1
86.729104767,846,180184.4344542264,14,2,0.0,0.0,1
86.829104767,847,180184.4344542264,14,2,0.0,0.0,1
86.929104767,848,180184.4344542264,14,2,0.0,0.0,1
87.029104767,849,180184.4344542264,14,2,0.0,0.0,1
87.129104767,850,180184.4344542264,14,2,0.0,0.0,1
87.229104767,851,180184.4344542264,14,2,0.0,0.0,1
87.329104767,852,180184.4344542264,14,2,0.0,0.0,1
87.429104767,853,180184.4344542264,14,2,0.0,0.0,1
87.529104767,854,180184.4344542264,14,2,0.0,0.0,1
87.629104767,855,180184.4344542264,14,2,0.0,0.0,1
87.729104767,856,180184.4344542264,14,2,0.0,0.0,1
87.829104767,857,180184.4344542264,14,2,0.0,0.0,1
87.929104767,858,180184.4344542264,14,2,0.0,0.0,1
88.029104767,859,180184.4344542264,14,2,0.0,0.0,1
88.129104767,860,180184.4344542264,14,2,0.0,0.0,1
88.229104767,861,180184.4344542264,14,2,0.0,0.0,1
88.329104767,862,180184.4344542264,14,2,0.0,0.0,1
88.429104767,863,180184.4344542264,14,2,0.0,0.0,1
88.529104767,864,180184.4344542264,14,2,0.0,0.0,1
88.629104767,865,180184.4344542264,14,2,0.0,0.0,1
88.729104767,866,180184.4344542264,14,2,0.0,0.0,1
88.829104767,867,180184.4344542264,14,2,0.0,0.0,1
88.929104767,868,180184.4344542264,14,2,0.0,0.0,1
89.029104767,869,180184.4344542264,14,2,0.0,0.0,1
89.129104767,870,180184.4344542264,14,2,0.0,0.0,1
89.229104767,871,180184.4344542264,14,2,0.0,0.0,1
89.329104767,872,180184.4344542264,14,2,0.0,0.0,1
89.429104767,873,180184.4344542264,14,2,0.0,0.0,1
89.529104767,874,180184.4344542264,14,2,0.0,0.0,1
89.629104767,875,180184.4344542264,14,2,0.0,0.0,1
89.729104767,876,180184.4344542264,14,2,0.0,0.0,1
89.829104767,877,180184.4344542264,14,2,0.0,0.0,1
89.929104767,878,180184.4344542264,14,2,0.0,0.0,1
90.029104767,879,180184.4344542264,14,2,0.0,0.0,1
90.129104767,880,180184.4344542264,14,2,0.0,0.0,1
90.229104767,881,180184.4344542264,14,2,0.0,0.0,1
90.329104767,882,180184.4344542264,14,2,0.0,0.0,1
90.429104767,883,180184.4344542264,14,2,0.0,0.0,1
90.529104767,884,180184.4344542264,14,2,0.0,0.0,1
90.629104767,885,180184.4344542264,14,2,0.0,0.0,1
90.729104767,886,180184.4344542264,14,2,0.0,0.0,1
90.829104767,887,180184.4344542264,14,2,0.0,0.0,1
90.929104767,888,180184.4344542264,14,2,0.0,0.0,1
91.029104767,889,180184.4344542264,14,2,0.0,0.0,1
91.129104767,890,180184.4344542264,14,2,0.0,0.0,1
91.229104767,891,180184.4344542264,14,2,0.0,0.0,1
91.329104767,892,180184.4344542264,14,2,0.0,0.0,1
91.429104767,893,180184.4344542264,14,2,0.0,0.0,1
91.529104767,894,180184.4344542264,14,2,0.0,0.0,1
91.629104767,895,180184.4344542264,14,2,0.0,0.0,1
91.729104767,896,180184.4344542264,14,2,0.0,0.0,1
91.829104767,897,180184.4344542264,14,2,0.0,0.0,1
91.929104767,898,180184.4344542264,14,2,0.0,0.0,1
92.029104767,899,180184.4344542264,14,2,0.0,0.0,1
92.129104767,900,180184.4344542264,14,2,0.0,0.0,1
92.229104767,901,180184.4344542264,14,2,0.0,0.0,1
92.329104767,902,180184.4344542264,14,2,0.0,0.0,1
92.429104767,903,180184.4344542264,14,2,0.0,0.0,1
92.529104767,904,180184.4344542264,14,2,0.0,0.0,1
92.629104767,905,180184.4344542264,14,2,0.0,0.0,1
92.729104767,906,180184.4344542264,14,2,0.0,0.0,1
92.829104767,907,180184.4344542264,14,2,0.0,0.0,1
92.929104767,908,180184.4344542264,14,2,0.0,0.0,1
93.029104767,909,180184.4344542264,14,2,0.0,0.0,1
93.129104767,910,180184.4344542264,14,2,0.0,0.0,1
93.229104767,911,180184.4344542264,14,2,0.0,0.0,1
93.329104767,912,180184.4344542264,14,2,0.0,0.0,1
93.429104767,913,180184.4344542264,14,2,0.0,0.0,1
93.529104767,914,180184.4344542264,14,2,0.0,0.0,1
93.629104767,915,180184.4344542264,14,2,0.0,0.0,1
93.729104767,916,180184.4344542264,14,2,0.0,0.0,1
93.829104767,917,180184.4344542264,14,2,0.0,0.0,1
93.929104767,918,180184.4344542264,14,2,0.0,0.0,1
94.029104767,919,180184.4344542264,14,2,0.0,0.0,1
94.129104767,920,180184.4344542264,14,2,0.0,0.0,1
94.229104767,921,180184.4344542264,14,2,0.0,0.0,1
94.329104767,922,180184.4344542264,14,2,0.0,0.0,1
94.429104767,923,180184.4344542264,14,2,0.0,0.0,1
94.529104767,924,180184.4344542264,14,2,0.0,0.0,1
94.629104767,925,180184.4344542264,14,2,0.0,0.0,1
94.729104767,926,180184.4344542264,14,2,0.0,0.0,1
94.829104767,927,180184.4344542264,14,2,0.0,0.0,1
94.929104767,928,180184.4344542264,14,2,0.0,0.0,1
95.029104767,929,180184.4344542264,14,2,0.0,0.0,1
95.129104767,930,180184.4344542264,14,2,0.0,0.0,1
95.229104767,931,180184.4344542264,14,2,0.0,0.0,1
95.329104767,932,180184.4344542264,14,2,0.0,0.0,1
95.429104767,933,180184.4344542264,14,2,0.0,0.0,1
95.529104767,934,180184.4344542264,14,2,0.0,0.0,1
95.629104767,935,180184.4344542264,14,2,0.0,0.0,1
95.729104767,936,180184.4344542264,14,2,0.0,0.0,1
95.829104767,937,180184.4344542264,14,2,0.0,0.0,1
95.929104767,938,180184.4344542264,14,2,0.0,0.0,1
96.029104767,939,180184.4344542264,14,2,0.0,0.0,1
96.129104767,940,180184.4344542264,14,2,0.0,0.0,1
96.229104767,941,180184.4344542264,14,2,0.0,0.0,1
96.329104767,942,180184.4344542264,14,2,0.0,0.0,1
96.429104767,943,180184.4344542264,14,2,0.0,0.0,1
96.529104767,944,180184.4344542264,14,2,0.0,0.0,1
96.629104767,945,180184.4344542264,14,2,0.0,0.0,1
96.729104767,946,180184.4344542264,14,2,0.0,0.0,1
96.829104767,947,180184.4344542264,14,2,0.0,0.0,1
96.929104767,948,180184.4344542264,14,2,0.0,0.0,1
97.029104767,949,180184.4344542264,14,2,0.0,0.0,1
97.129104767,950,180184.4344542264,14,2,0.0,0.0,1
97.229104767,951,180184.4344542264,14,2,0.0,0.0,1
97.329104767,952,180184.4344542264,14,2,0.0,0.0,1
97.429104767,953,180184.4344542264,14,2,0.0,0.0,1
97.529104767,954,180184.4344542264,14,2,0.0,0.0,1
97.629104767,955,180184.4344542264,14,2,0.0,0.0,1
97.729104767,956,180184.4344542264,14,2,0.0,0.0,1
97.829104767,957,180184.4344542264,14,2,0.0,0.0,1
97.929104767,958,180184.4344542264,14,2,0.0,0.0,1
98.029104767,959,180184.4344542264,14,2,0.0,0.0,1
98.129104767,960,180184.4344542264,14,2,0.0,0.0,1
98.229104767,961,180184.4344542264,14,2,0.0,0.0,1
98.329104767,962,180184.4344542264,14,2,0.0,0.0,1
98.429104767,963,180184.4344542264,14,2,0.0,0.0,1
98.529104767,964,180184.4344542264,14,2,0.0,0.0,1
98.629104767,965,180184.4344542264,14,2,0.0,0.0,1
98.729104767,966,180184.4344542264,14,2,0.0,0.0,1
98.829104767,967,180184.4344542264,14,2,0.0,0.0,1
98.929104767,968,180184.4344542264,14,2,0.0,0.0,1
99.029104767,969,180184.4344542264,14,2,0.0,0.0,1
99.129104767,970,180184.4344542264,14,2,0.0,0.0,1
99.229104767,971,180184.4344542264,14,2,0.0,0.0,1
99.329104767,972,180184.4344542264,14,2,0.0,0.0,1
99.429104767,973,180184.4344542264,14,2,0.0,0.0,1
99.529104767,974,180184.4344542264,14,2,0.0,0.0,1
99.629104767,975,180184.4344542264,14,2,0.0,0.0,1
99.729104767,976,180184.4344542264,14,2,0.0,0.0,1
99.829104767,977,180184.4344542264,14,2,0.0,0.0,1
99.929104767,978,180184.4344542264,14,2,0.0,0.0,1
100.029104767,979,180184.4344542264,14,2,0.0,0.0,1
100.129104767,980,180184.4344542264,14,2,0.0,0.0,1
100.229104767,981,180184.4344542264,14,2,0.0,0.0,1
100.329104767,982,180184.4344542264,14,2,0.0,0.0,1
100.429104767,983,180184.4344542264,14,2,0.0,0.0,1
100.529104767,984,180184.4344542264,14,2,0.0,0.0,1
100.629104767,985,180184.4344542264,14,2,0.0,0.0,1
100.729104767,986,180184.4344542264,14,2,0.0,0.0,1
100.829104767,987,180184.4344542264,14,2,0.0,0.0,1
100.929104767,988,180184.4344542264,14,2,0.0,0.0,1
101.029104767,989,180184.4344542264,14,2,0.0,0.0,1
101.129104767,990,180184.4344542264,14,2,0.0,0.0,1
101.229104767,991,180184.4344542264,14,2,0.0,0.0,1
101.329104767,992,180184.4344542264,14,2,0.0,0.0,1
101.429104767,993,180184.4344542264,14,2,0.0,0.0,1
101.529104767,994,180184.4344542264,14,2,0.0,0.0,1
101.629104767,995,180184.4344542264,14,2,0.0,0.0,1
101.729104767,996,180184.4344542264,14,2,0.0,0.0,1
101.829104767,997,180184.4344542264,14,2,0.0,0.0,1
101.929104767,998,180184.4344542264,14,2,0.0,0.0,1
102.029104767,999,180184.4344542264,14,2,0.0,0.0,1
